s,a,s',p_r,reward,number_occurrences,q,scale_factor,policy
<>,START,<START>,1.0,0.0,2000,0.29624289185180464,1.0,1
<A_ACCEPTED | 37>,A_FINALIZED,<A_FINALIZED | 2>,1.0,0.0,806,0.36459989902304446,1.0,1
<A_ACCEPTED | 95>,A_FINALIZED,<A_FINALIZED | 2>,1.0,0.0,21,0.3077617295269529,0.8441081041207334,1
<A_ACTIVATED | 10>,END,<END | 18>,0.2568807339449541,0.923162440048774,28,0.638172765555644,0.9999946068715705,1
<A_ACTIVATED | 10>,END,<END | 36>,0.3119266055045872,0.425891008033147,34,0.638172765555644,0.9999946068715705,1
<A_ACTIVATED | 10>,END,<END | 41>,0.1926605504587156,0.925602232786083,21,0.638172765555644,0.9999946068715705,1
<A_ACTIVATED | 10>,END,<END | 72>,0.2385321100917431,0.3767198890417566,26,0.638172765555644,0.9999946068715705,1
<A_ACTIVATED | 26>,END,<END | 18>,0.431578947368421,0.9231624400487736,41,0.6395845979983851,0.9999720008780535,1
<A_ACTIVATED | 26>,END,<END | 36>,0.4105263157894737,0.425891008033147,39,0.6395845979983851,0.9999720008780535,1
<A_ACTIVATED | 26>,END,<END | 7>,0.1578947368421052,0.4201885829245613,15,0.6395845979983851,0.9999720008780535,1
<A_ACTIVATED | 29>,END,<END | 17>,0.0263157894736842,0.4361289612844669,1,0.6189458042965034,0.9773776447275518,1
<A_ACTIVATED | 29>,END,<END | 59>,0.8947368421052632,0.6067118670547218,34,0.6189458042965034,0.9773776447275518,1
<A_ACTIVATED | 29>,END,<END | 61>,0.0789473684210526,1.0,3,0.6189458042965034,0.9773776447275518,1
<A_ACTIVATED | 35>,END,<END | 86>,1.0,0.6452460860590913,5,0.18448893883337356,0.2859202757201663,1
<A_ACTIVATED | 54>,END,<END | 54>,1.0,0.2037146206854497,1,0.011969410616541536,0.05875577597851056,1
<A_ACTIVATED | 65>,END,<END | 17>,1.0,0.436128961284467,26,0.3970186069075628,0.9103238769979454,1
<A_ACTIVATED | 77>,END,<END | 41>,0.4946236559139785,0.9256022327860838,46,0.6481871166780966,0.9999645733785999,1
<A_ACTIVATED | 77>,END,<END | 72>,0.5053763440860215,0.3767198890417564,47,0.6481871166780966,0.9999645733785999,1
<A_ACTIVATED | 80>,END,<END | 18>,0.0149253731343283,0.9231624400487742,1,0.7408564953504556,0.9992455963841054,1
<A_ACTIVATED | 80>,END,<END | 59>,0.1044776119402985,0.6067118670547218,7,0.7408564953504556,0.9992455963841054,1
<A_ACTIVATED | 80>,END,<END | 61>,0.5074626865671642,1.0,34,0.7408564953504556,0.9992455963841054,1
<A_ACTIVATED | 80>,END,<END | 7>,0.373134328358209,0.4201885829245613,25,0.7408564953504556,0.9992455963841054,1
<A_ACTIVATED | 89>,END,<END | 18>,0.03125,0.9231624400487742,1,0.5199503223774444,0.9547009256211574,1
<A_ACTIVATED | 89>,END,<END | 61>,0.1875,0.9999999999999998,6,0.5199503223774444,0.9547009256211574,1
<A_ACTIVATED | 89>,END,<END | 7>,0.78125,0.4201885829245613,25,0.5199503223774444,0.9547009256211574,1
<A_APPROVED | 15>,A_REGISTERED,<A_REGISTERED | 77>,1.0,0.0,8,0.28356465890140153,0.43867447545174043,1
<A_APPROVED | 19>,A_REGISTERED,<A_REGISTERED | 23>,1.0,0.0,6,0.21651143657356905,0.3389813455441767,1
<A_APPROVED | 25>,A_REGISTERED,<A_REGISTERED | 20>,0.684931506849315,0.0,50,0.6534453829172197,0.9996275003205731,1
<A_APPROVED | 25>,A_REGISTERED,<A_REGISTERED | 23>,0.0958904109589041,0.0,7,0.6534453829172197,0.9996275003205731,1
<A_APPROVED | 25>,A_REGISTERED,<A_REGISTERED | 57>,0.2191780821917808,0.0,16,0.6534453829172197,0.9996275003205731,1
<A_APPROVED | 30>,A_REGISTERED,<A_REGISTERED | 44>,0.2222222222222222,0.0,10,0.6342423715511168,0.9900080843290755,1
<A_APPROVED | 30>,A_REGISTERED,<A_REGISTERED | 57>,0.7777777777777778,0.0,35,0.6342423715511168,0.9900080843290755,1
<A_APPROVED | 39>,A_REGISTERED,<A_REGISTERED | 44>,0.03125,0.0,1,0.4001036436956388,0.9547009256211574,1
<A_APPROVED | 39>,A_REGISTERED,<A_REGISTERED | 6>,0.96875,0.0,31,0.4001036436956388,0.9547009256211574,1
<A_APPROVED | 40>,A_REGISTERED,<A_REGISTERED | 20>,0.1370967741935483,0.0,17,0.6394189206059878,0.9999990764940323,1
<A_APPROVED | 40>,A_REGISTERED,<A_REGISTERED | 23>,0.8629032258064516,0.0,107,0.6394189206059878,0.9999990764940323,1
<A_APPROVED | 63>,A_REGISTERED,<A_REGISTERED | 23>,1.0,0.0,4,0.14757180866190303,0.23104594868641892,1
<A_APPROVED | 67>,A_REGISTERED,<A_REGISTERED | 69>,1.0,0.0,6,0.01789533090867316,0.3389813455441767,1
<A_APPROVED | 75>,A_REGISTERED,<A_REGISTERED | 20>,0.7906976744186046,0.0,34,0.6039083458502933,0.9873741538299682,1
<A_APPROVED | 75>,A_REGISTERED,<A_REGISTERED | 44>,0.1860465116279069,0.0,8,0.6039083458502933,0.9873741538299682,1
<A_APPROVED | 75>,A_REGISTERED,<A_REGISTERED | 57>,0.0232558139534883,0.0,1,0.6039083458502933,0.9873741538299682,1
<A_APPROVED | 79>,A_REGISTERED,<A_REGISTERED | 23>,1.0,0.0,2,0.07479781252754562,0.11710726941545657,1
<A_APPROVED | 81>,A_REGISTERED,<A_REGISTERED | 23>,0.1463414634146341,0.0,18,0.6452849094412181,0.999998961197109,1
<A_APPROVED | 81>,A_REGISTERED,<A_REGISTERED | 77>,0.8536585365853658,0.0,105,0.6452849094412181,0.999998961197109,1
<A_CANCELLED | 0>,END,<END | 0>,1.0,0.0877017188800823,9,0.042529309611825085,0.4849313121214527,1
<A_CANCELLED | 12>,END,<END | 12>,1.0,0.0880128084726791,2,0.01030693967382101,0.11710726941545657,1
<A_CANCELLED | 13>,END,<END | 13>,1.0,0.0868957862694772,206,0.08689578626429188,0.9999999999403273,1
<A_CANCELLED | 15>,END,<END | 15>,1.0,0.0878657033396959,5,0.02512258612523219,0.2859202757201663,1
<A_CANCELLED | 37>,END,<END | 37>,1.0,0.0865682896577775,94,0.08656556321769016,0.9999685053257015,1
<A_CANCELLED | 95>,END,<END | 95>,1.0,0.0872848359893742,14,0.05909063741251738,0.6769862914070309,1
<A_DECLINED | 0>,END,<END | 97>,1.0,0.0701740780264594,7,0.02736578832865093,0.38997004447044614,1
<A_DECLINED | 13>,END,<END | 13>,1.0,0.0868957862694772,557,0.0868957862694772,1.0,1
<A_DECLINED | 15>,END,<END | 38>,0.3333333333333333,0.0640514214545111,1,0.011900228484759325,0.1746612487639817,1
<A_DECLINED | 15>,END,<END | 97>,0.6666666666666666,0.0701740780264594,2,0.011900228484759325,0.1746612487639817,1
<A_DECLINED | 19>,END,<END | 97>,1.0,0.0701740780264594,1,0.00412313240802117,0.05875577597851056,1
<A_DECLINED | 24>,END,<END | 56>,1.0,0.0402445581644062,5,0.01150673516660329,0.2859202757201663,1
<A_DECLINED | 37>,END,<END | 37>,1.0,0.0865682896577775,269,0.08656828965777438,0.9999999999999639,1
<A_DECLINED | 45>,END,<END | 56>,1.0,0.0402445581644062,2,0.004712930315465129,0.11710726941545657,1
<A_DECLINED | 46>,END,<END | 38>,0.2,0.0640514214545111,1,0.01800258209246938,0.2859202757201663,1
<A_DECLINED | 46>,END,<END | 56>,0.2,0.0402445581644062,1,0.01800258209246938,0.2859202757201663,1
<A_DECLINED | 46>,END,<END | 97>,0.6,0.0701740780264594,3,0.01800258209246938,0.2859202757201663,1
<A_DECLINED | 47>,END,<END | 38>,1.0,0.0640514214545111,1,0.0037633909700864198,0.05875577597851056,1
<A_DECLINED | 50>,END,<END | 38>,1.0,0.0640514214545111,190,0.06405142142940382,0.9999999996080136,1
<A_DECLINED | 51>,END,<END | 56>,1.0,0.0402445581644062,1,0.0023646002438619885,0.05875577597851056,1
<A_DECLINED | 53>,END,<END | 53>,1.0,0.0500612342396296,8,0.02196058567053622,0.43867447545174043,1
<A_DECLINED | 5>,END,<END | 56>,1.0,0.0402445581644062,1,0.0023646002438619885,0.05875577597851056,1
<A_DECLINED | 70>,END,<END | 56>,1.0,0.0402445581644062,2,0.004712930315465129,0.11710726941545657,1
<A_DECLINED | 73>,END,<END | 56>,1.0,0.0402445581644062,4,0.009298342120560996,0.23104594868641892,1
<A_DECLINED | 74>,END,<END | 74>,1.0,0.0328150986314756,7,0.012796905472618617,0.38997004447044614,1
<A_DECLINED | 76>,END,<END | 38>,1.0,0.0640514214545111,6,0.02171223702866732,0.3389813455441767,1
<A_DECLINED | 78>,END,<END | 78>,1.0,0.0,3,0.0,0.1746612487639817,1
<A_DECLINED | 82>,END,<END | 56>,1.0,0.0402445581644062,1,0.0023646002438619885,0.05875577597851056,1
<A_DECLINED | 84>,END,<END | 56>,1.0,0.0402445581644062,5,0.01150673516660329,0.2859202757201663,1
<A_DECLINED | 8>,END,<END | 56>,1.0,0.0402445581644062,1,0.0023646002438619885,0.05875577597851056,1
<A_DECLINED | 91>,END,<END | 53>,0.5,0.0500612342396296,1,0.005287732380417855,0.11710726941545657,1
<A_DECLINED | 91>,END,<END | 56>,0.5,0.0402445581644062,1,0.005287732380417855,0.11710726941545657,1
<A_DECLINED | 93>,END,<END | 56>,1.0,0.0402445581644062,1,0.0023646002438619885,0.05875577597851056,1
<A_DECLINED | 95>,END,<END | 95>,1.0,0.0872848359893742,33,0.08376090173407336,0.9596271882125111,1
<A_DECLINED | 97>,END,<END | 56>,0.015625,0.0402445581644062,1,0.06963159722326831,0.9989264683886272,1
<A_DECLINED | 97>,END,<END | 97>,0.984375,0.0701740780264594,63,0.06963159722326831,0.9989264683886272,1
<A_DECLINED | 9>,END,<END | 56>,1.0,0.0402445581644062,1,0.0023646002438619885,0.05875577597851056,1
<A_FINALIZED | 2>,O_SELECTED,<O_SELECTED | 68>,1.0,0.0,827,0.3646034389375843,1.0,1
<A_PARTLYSUBMITTED | 55>,A_DECLINED,<A_DECLINED | 13>,1.0,0.0,425,0.0868957862694772,1.0,0
<A_PARTLYSUBMITTED | 55>,A_PREACCEPTED,<A_PREACCEPTED | 13>,1.0,0.0,882,0.3140986907676579,1.0,1
<A_PARTLYSUBMITTED | 55>,W_Assess_fraud,<A_CANCELLED | 13>,0.1428571428571428,0.0,3,0.1101684440360652,0.8441081041207334,0
<A_PARTLYSUBMITTED | 55>,W_Assess_fraud,<W_Assess_fraud | 13>,0.8571428571428571,0.0,18,0.1101684440360652,0.8441081041207334,0
<A_PARTLYSUBMITTED | 55>,W_Fix_incomplete_submission,<A_CANCELLED | 13>,0.0893203883495145,0.0,46,0.2904629356660325,1.0,0
<A_PARTLYSUBMITTED | 55>,W_Fix_incomplete_submission,<W_Fix_incomplete_submission | 13>,0.9106796116504854,0.0,469,0.2904629356660325,1.0,0
<A_PREACCEPTED | 13>,W_Complete_preaccepted_appl,<A_CANCELLED | 37>,0.0429071803852889,0.0,49,0.31410373271580116,1.0,1
<A_PREACCEPTED | 13>,W_Complete_preaccepted_appl,<O_DECLINED | 37>,0.1330998248686515,0.0,152,0.31410373271580116,1.0,1
<A_PREACCEPTED | 13>,W_Complete_preaccepted_appl,<W_Complete_preaccepted_appl | 87>,0.6418563922942206,0.0,733,0.31410373271580116,1.0,1
<A_PREACCEPTED | 13>,W_Complete_preaccepted_appl,<W_Complete_preaccepted_appl | 95>,0.1821366024518388,0.0,208,0.31410373271580116,1.0,1
<A_PREACCEPTED | 95>,W_Complete_preaccepted_appl,<A_CANCELLED | 95>,0.0943396226415094,0.0,5,0.2899231821210792,0.9960895548938856,1
<A_PREACCEPTED | 95>,W_Complete_preaccepted_appl,<O_DECLINED | 95>,0.1132075471698113,0.0,6,0.2899231821210792,0.9960895548938856,1
<A_PREACCEPTED | 95>,W_Complete_preaccepted_appl,<W_Complete_preaccepted_appl | 95>,0.7924528301886793,0.0,42,0.2899231821210792,0.9960895548938856,1
<A_REGISTERED | 20>,A_ACTIVATED,<A_ACTIVATED | 26>,0.396039603960396,0.0,40,0.6438729775550927,0.9999861774974174,1
<A_REGISTERED | 20>,A_ACTIVATED,<A_ACTIVATED | 80>,0.3465346534653465,0.0,35,0.6438729775550927,0.9999861774974174,1
<A_REGISTERED | 20>,A_ACTIVATED,<A_ACTIVATED | 89>,0.2574257425742574,0.0,26,0.6438729775550927,0.9999861774974174,1
<A_REGISTERED | 23>,A_ACTIVATED,<A_ACTIVATED | 10>,0.6180555555555556,0.0,89,0.6387119510249064,0.9999999121846335,1
<A_REGISTERED | 23>,A_ACTIVATED,<A_ACTIVATED | 26>,0.3819444444444444,0.0,55,0.6387119510249064,0.9999999121846335,1
<A_REGISTERED | 44>,A_ACTIVATED,<A_ACTIVATED | 29>,0.631578947368421,0.0,12,0.4646903645014939,0.8067489307034262,1
<A_REGISTERED | 44>,A_ACTIVATED,<A_ACTIVATED | 65>,0.0526315789473684,0.0,1,0.4646903645014939,0.8067489307034262,1
<A_REGISTERED | 44>,A_ACTIVATED,<A_ACTIVATED | 89>,0.3157894736842105,0.0,6,0.4646903645014939,0.8067489307034262,1
<A_REGISTERED | 57>,A_ACTIVATED,<A_ACTIVATED | 29>,0.3846153846153846,0.0,20,0.690915989853083,0.9956024208766528,1
<A_REGISTERED | 57>,A_ACTIVATED,<A_ACTIVATED | 80>,0.6153846153846154,0.0,32,0.690915989853083,0.9956024208766528,1
<A_REGISTERED | 69>,A_ACTIVATED,<A_ACTIVATED | 35>,0.8333333333333334,0.0,5,0.0527914917558229,0.3389813455441767,1
<A_REGISTERED | 69>,A_ACTIVATED,<A_ACTIVATED | 54>,0.1666666666666666,0.0,1,0.0527914917558229,0.3389813455441767,1
<A_REGISTERED | 6>,A_ACTIVATED,<A_ACTIVATED | 29>,0.1935483870967742,0.0,6,0.4176168934655247,0.9491891496740512,1
<A_REGISTERED | 6>,A_ACTIVATED,<A_ACTIVATED | 65>,0.8064516129032258,0.0,25,0.4176168934655247,0.9491891496740512,1
<A_REGISTERED | 77>,A_ACTIVATED,<A_ACTIVATED | 10>,0.1769911504424778,0.0,20,0.6464124875498873,0.9999966312612805,1
<A_REGISTERED | 77>,A_ACTIVATED,<A_ACTIVATED | 77>,0.8230088495575221,0.0,93,0.6464124875498873,0.9999966312612805,1
<A_SUBMITTED | 55>,A_PARTLYSUBMITTED,<A_CANCELLED | 13>,0.0785,0.0,157,0.2962576773800526,1.0,1
<A_SUBMITTED | 55>,A_PARTLYSUBMITTED,<A_PARTLYSUBMITTED | 55>,0.9215,0.0,1843,0.2962576773800526,1.0,1
<O_ACCEPTED | 0>,A_APPROVED,<A_APPROVED | 81>,1.0,0.0,67,0.6447981041722534,0.9992455963841054,1
<O_ACCEPTED | 14>,A_APPROVED,<A_APPROVED | 39>,1.0,0.0,5,0.11439774412210023,0.2859202757201663,1
<O_ACCEPTED | 15>,A_APPROVED,<A_APPROVED | 15>,0.4210526315789473,0.0,8,0.3977124158121189,0.8067489307034262,1
<O_ACCEPTED | 15>,A_APPROVED,<A_APPROVED | 81>,0.5789473684210527,0.0,11,0.3977124158121189,0.8067489307034262,1
<O_ACCEPTED | 16>,A_APPROVED,<A_APPROVED | 75>,1.0,0.0,3,0.10547938582520278,0.1746612487639817,1
<O_ACCEPTED | 19>,A_APPROVED,<A_APPROVED | 19>,0.75,0.0,6,0.14244850937036277,0.43867447545174043,1
<O_ACCEPTED | 19>,A_APPROVED,<A_APPROVED | 25>,0.125,0.0,1,0.14244850937036277,0.43867447545174043,1
<O_ACCEPTED | 19>,A_APPROVED,<A_APPROVED | 81>,0.125,0.0,1,0.14244850937036277,0.43867447545174043,1
<O_ACCEPTED | 1>,A_APPROVED,<A_APPROVED | 25>,1.0,0.0,9,0.3168761269377524,0.4849313121214527,1
<O_ACCEPTED | 21>,A_APPROVED,<A_APPROVED | 25>,0.1818181818181818,0.0,2,0.36330845221858005,0.569686656367308,1
<O_ACCEPTED | 21>,A_APPROVED,<A_APPROVED | 30>,0.8181818181818182,0.0,9,0.36330845221858005,0.569686656367308,1
<O_ACCEPTED | 22>,A_APPROVED,<A_APPROVED | 39>,1.0,0.0,4,0.0924423259305518,0.23104594868641892,1
<O_ACCEPTED | 24>,A_APPROVED,<A_APPROVED | 40>,1.0,0.0,16,0.4704603439193449,0.7357623128722589,1
<O_ACCEPTED | 27>,A_APPROVED,<A_APPROVED | 30>,1.0,0.0,8,0.278225939649454,0.43867447545174043,1
<O_ACCEPTED | 28>,A_APPROVED,<A_APPROVED | 67>,1.0,0.0,1,0.0010514540539313159,0.05875577597851056,1
<O_ACCEPTED | 31>,A_APPROVED,<A_APPROVED | 75>,1.0,0.0,5,0.17266964075522542,0.2859202757201663,1
<O_ACCEPTED | 32>,A_APPROVED,<A_APPROVED | 67>,1.0,0.0,3,0.0031256208435535334,0.1746612487639817,1
<O_ACCEPTED | 34>,A_APPROVED,<A_APPROVED | 39>,1.0,0.0,8,0.1755152560245144,0.43867447545174043,1
<O_ACCEPTED | 3>,A_APPROVED,<A_APPROVED | 67>,1.0,0.0,1,0.0010514540539313159,0.05875577597851056,1
<O_ACCEPTED | 42>,A_APPROVED,<A_APPROVED | 40>,1.0,0.0,13,0.4116837746198477,0.6438404641352936,1
<O_ACCEPTED | 45>,A_APPROVED,<A_APPROVED | 25>,1.0,0.0,15,0.4623754170862565,0.7075961192380658,1
<O_ACCEPTED | 46>,A_APPROVED,<A_APPROVED | 40>,0.1428571428571428,0.0,1,0.2513149905556228,0.38997004447044614,1
<O_ACCEPTED | 46>,A_APPROVED,<A_APPROVED | 81>,0.8571428571428571,0.0,6,0.2513149905556228,0.38997004447044614,1
<O_ACCEPTED | 48>,A_APPROVED,<A_APPROVED | 25>,0.7142857142857143,0.0,5,0.25268452526483426,0.38997004447044614,1
<O_ACCEPTED | 48>,A_APPROVED,<A_APPROVED | 30>,0.2857142857142857,0.0,2,0.25268452526483426,0.38997004447044614,1
<O_ACCEPTED | 49>,A_APPROVED,<A_APPROVED | 75>,1.0,0.0,9,0.29285406655427876,0.4849313121214527,1
<O_ACCEPTED | 4>,A_APPROVED,<A_APPROVED | 30>,1.0,0.0,8,0.278225939649454,0.43867447545174043,1
<O_ACCEPTED | 51>,A_APPROVED,<A_APPROVED | 40>,1.0,0.0,23,0.5593289603912949,0.8747457142200448,1
<O_ACCEPTED | 52>,A_APPROVED,<A_APPROVED | 39>,1.0,0.0,1,0.02350840005716676,0.05875577597851056,1
<O_ACCEPTED | 58>,A_APPROVED,<A_APPROVED | 75>,1.0,0.0,9,0.29285406655427876,0.4849313121214527,1
<O_ACCEPTED | 5>,A_APPROVED,<A_APPROVED | 40>,0.7,0.0,7,0.33894324408755355,0.5286252256434942,1
<O_ACCEPTED | 5>,A_APPROVED,<A_APPROVED | 81>,0.3,0.0,3,0.33894324408755355,0.5286252256434942,1
<O_ACCEPTED | 60>,A_APPROVED,<A_APPROVED | 81>,1.0,0.0,7,0.2516417848308996,0.38997004447044614,1
<O_ACCEPTED | 62>,A_APPROVED,<A_APPROVED | 30>,1.0,0.0,5,0.1813427537473075,0.2859202757201663,1
<O_ACCEPTED | 63>,A_APPROVED,<A_APPROVED | 25>,0.2307692307692307,0.0,3,0.31749263343218104,0.6438404641352936,1
<O_ACCEPTED | 63>,A_APPROVED,<A_APPROVED | 40>,0.1538461538461538,0.0,2,0.31749263343218104,0.6438404641352936,1
<O_ACCEPTED | 63>,A_APPROVED,<A_APPROVED | 63>,0.3076923076923077,0.0,4,0.31749263343218104,0.6438404641352936,1
<O_ACCEPTED | 63>,A_APPROVED,<A_APPROVED | 81>,0.3076923076923077,0.0,4,0.31749263343218104,0.6438404641352936,1
<O_ACCEPTED | 64>,A_APPROVED,<A_APPROVED | 25>,0.3333333333333333,0.0,2,0.21373859710404214,0.3389813455441767,1
<O_ACCEPTED | 64>,A_APPROVED,<A_APPROVED | 30>,0.3333333333333333,0.0,2,0.21373859710404214,0.3389813455441767,1
<O_ACCEPTED | 64>,A_APPROVED,<A_APPROVED | 75>,0.3333333333333333,0.0,2,0.21373859710404214,0.3389813455441767,1
<O_ACCEPTED | 66>,A_APPROVED,<A_APPROVED | 25>,1.0,0.0,11,0.37225911531276606,0.569686656367308,1
<O_ACCEPTED | 70>,A_APPROVED,<A_APPROVED | 40>,0.7857142857142857,0.0,11,0.42772637822162235,0.6769862914070309,1
<O_ACCEPTED | 70>,A_APPROVED,<A_APPROVED | 75>,0.2142857142857142,0.0,3,0.42772637822162235,0.6769862914070309,1
<O_ACCEPTED | 71>,A_APPROVED,<A_APPROVED | 75>,1.0,0.0,3,0.10547938582520278,0.1746612487639817,1
<O_ACCEPTED | 73>,A_APPROVED,<A_APPROVED | 40>,0.7777777777777778,0.0,21,0.5893867116576693,0.9198783184115151,1
<O_ACCEPTED | 73>,A_APPROVED,<A_APPROVED | 81>,0.2222222222222222,0.0,6,0.5893867116576693,0.9198783184115151,1
<O_ACCEPTED | 79>,A_APPROVED,<A_APPROVED | 40>,0.6,0.0,3,0.11824818492066956,0.2859202757201663,1
<O_ACCEPTED | 79>,A_APPROVED,<A_APPROVED | 79>,0.4,0.0,2,0.11824818492066956,0.2859202757201663,1
<O_ACCEPTED | 82>,A_APPROVED,<A_APPROVED | 40>,0.8571428571428571,0.0,6,0.2473759305587261,0.38997004447044614,1
<O_ACCEPTED | 82>,A_APPROVED,<A_APPROVED | 75>,0.1428571428571428,0.0,1,0.2473759305587261,0.38997004447044614,1
<O_ACCEPTED | 83>,A_APPROVED,<A_APPROVED | 25>,0.3333333333333333,0.0,1,0.11189557194922482,0.1746612487639817,1
<O_ACCEPTED | 83>,A_APPROVED,<A_APPROVED | 30>,0.6666666666666666,0.0,2,0.11189557194922482,0.1746612487639817,1
<O_ACCEPTED | 84>,A_APPROVED,<A_APPROVED | 40>,1.0,0.0,15,0.45245034678818985,0.7075961192380658,1
<O_ACCEPTED | 88>,A_APPROVED,<A_APPROVED | 30>,1.0,0.0,7,0.24733552583883026,0.38997004447044614,1
<O_ACCEPTED | 90>,A_APPROVED,<A_APPROVED | 67>,1.0,0.0,1,0.0010514540539313159,0.05875577597851056,1
<O_ACCEPTED | 91>,A_APPROVED,<A_APPROVED | 25>,1.0,0.0,9,0.3168761269377524,0.4849313121214527,1
<O_ACCEPTED | 92>,A_APPROVED,<A_APPROVED | 39>,1.0,0.0,7,0.1560284357247758,0.38997004447044614,1
<O_ACCEPTED | 93>,A_APPROVED,<A_APPROVED | 40>,0.0526315789473684,0.0,1,0.5203338380475842,0.8067489307034262,1
<O_ACCEPTED | 93>,A_APPROVED,<A_APPROVED | 81>,0.9473684210526316,0.0,18,0.5203338380475842,0.8067489307034262,1
<O_ACCEPTED | 94>,A_APPROVED,<A_APPROVED | 39>,1.0,0.0,1,0.02350840005716676,0.05875577597851056,1
<O_ACCEPTED | 96>,A_APPROVED,<A_APPROVED | 25>,1.0,0.0,15,0.4623754170862565,0.7075961192380658,1
<O_ACCEPTED | 99>,A_APPROVED,<A_APPROVED | 30>,0.25,0.0,2,0.2011929269307493,0.43867447545174043,1
<O_ACCEPTED | 99>,A_APPROVED,<A_APPROVED | 39>,0.75,0.0,6,0.2011929269307493,0.43867447545174043,1
<O_ACCEPTED | 9>,A_APPROVED,<A_APPROVED | 40>,0.3846153846153846,0.0,5,0.3976141469691292,0.6438404641352936,1
<O_ACCEPTED | 9>,A_APPROVED,<A_APPROVED | 75>,0.6153846153846154,0.0,8,0.3976141469691292,0.6438404641352936,1
<O_CANCELLED | 14>,O_SELECTED,<O_SELECTED | 92>,1.0,0.0,2,0.0014403988234844081,0.11710726941545657,1
<O_CANCELLED | 15>,O_SELECTED,<O_SELECTED | 15>,1.0,0.0,1,0.007487336738388545,0.05875577597851056,1
<O_CANCELLED | 16>,O_SELECTED,<O_SELECTED | 21>,0.5,0.0,2,0.016645232567994054,0.23104594868641892,1
<O_CANCELLED | 16>,O_SELECTED,<O_SELECTED | 4>,0.25,0.0,1,0.016645232567994054,0.23104594868641892,1
<O_CANCELLED | 16>,O_SELECTED,<O_SELECTED | 88>,0.25,0.0,1,0.016645232567994054,0.23104594868641892,1
<O_CANCELLED | 1>,O_SELECTED,<O_SELECTED | 1>,1.0,0.0,2,0.012949896702766805,0.11710726941545657,1
<O_CANCELLED | 21>,O_SELECTED,<O_SELECTED | 21>,0.4285714285714285,0.0,3,0.02853328088071936,0.38997004447044614,1
<O_CANCELLED | 21>,O_SELECTED,<O_SELECTED | 4>,0.1428571428571428,0.0,1,0.02853328088071936,0.38997004447044614,1
<O_CANCELLED | 21>,O_SELECTED,<O_SELECTED | 62>,0.4285714285714285,0.0,3,0.02853328088071936,0.38997004447044614,1
<O_CANCELLED | 22>,O_SELECTED,<O_SELECTED | 22>,1.0,0.0,4,0.002760614155874987,0.23104594868641892,1
<O_CANCELLED | 24>,O_SELECTED,<O_SELECTED | 19>,0.875,0.0,14,0.04872137038690395,0.7357623128722589,1
<O_CANCELLED | 24>,O_SELECTED,<O_SELECTED | 91>,0.125,0.0,2,0.04872137038690395,0.7357623128722589,1
<O_CANCELLED | 27>,O_SELECTED,<O_SELECTED | 34>,0.3333333333333333,0.0,1,0.006185071748491231,0.1746612487639817,1
<O_CANCELLED | 27>,O_SELECTED,<O_SELECTED | 88>,0.3333333333333333,0.0,1,0.006185071748491231,0.1746612487639817,1
<O_CANCELLED | 27>,O_SELECTED,<O_SELECTED | 99>,0.3333333333333333,0.0,1,0.006185071748491231,0.1746612487639817,1
<O_CANCELLED | 28>,O_SELECTED,<O_SELECTED | 28>,1.0,0.0,3,3.856971300428037e-06,0.1746612487639817,1
<O_CANCELLED | 31>,O_SELECTED,<O_SELECTED | 62>,0.6666666666666666,0.0,2,0.00819387772473128,0.1746612487639817,1
<O_CANCELLED | 31>,O_SELECTED,<O_SELECTED | 99>,0.3333333333333333,0.0,1,0.00819387772473128,0.1746612487639817,1
<O_CANCELLED | 34>,O_SELECTED,<O_SELECTED | 22>,0.5,0.0,1,0.002766830868779952,0.11710726941545657,1
<O_CANCELLED | 34>,O_SELECTED,<O_SELECTED | 34>,0.5,0.0,1,0.002766830868779952,0.11710726941545657,1
<O_CANCELLED | 42>,O_SELECTED,<O_SELECTED | 1>,0.2857142857142857,0.0,2,0.06441398808084334,0.38997004447044614,1
<O_CANCELLED | 42>,O_SELECTED,<O_SELECTED | 45>,0.4285714285714285,0.0,3,0.06441398808084334,0.38997004447044614,1
<O_CANCELLED | 42>,O_SELECTED,<O_SELECTED | 63>,0.2857142857142857,0.0,2,0.06441398808084334,0.38997004447044614,1
<O_CANCELLED | 45>,O_SELECTED,<O_SELECTED | 45>,0.8,0.0,4,0.0561903427484101,0.2859202757201663,1
<O_CANCELLED | 45>,O_SELECTED,<O_SELECTED | 66>,0.2,0.0,1,0.0561903427484101,0.2859202757201663,1
<O_CANCELLED | 46>,O_SELECTED,<O_SELECTED | 19>,1.0,0.0,5,0.016503820509962214,0.2859202757201663,1
<O_CANCELLED | 48>,O_SELECTED,<O_SELECTED | 48>,0.75,0.0,3,0.008633507504970385,0.23104594868641892,1
<O_CANCELLED | 48>,O_SELECTED,<O_SELECTED | 88>,0.25,0.0,1,0.008633507504970385,0.23104594868641892,1
<O_CANCELLED | 49>,O_SELECTED,<O_SELECTED | 21>,0.6666666666666666,0.0,4,0.039312167218862756,0.3389813455441767,1
<O_CANCELLED | 49>,O_SELECTED,<O_SELECTED | 96>,0.3333333333333333,0.0,2,0.039312167218862756,0.3389813455441767,1
<O_CANCELLED | 4>,O_SELECTED,<O_SELECTED | 34>,0.3333333333333333,0.0,1,0.007829670429236298,0.1746612487639817,1
<O_CANCELLED | 4>,O_SELECTED,<O_SELECTED | 4>,0.6666666666666666,0.0,2,0.007829670429236298,0.1746612487639817,1
<O_CANCELLED | 51>,O_SELECTED,<O_SELECTED | 45>,0.875,0.0,7,0.08870104971688854,0.43867447545174043,1
<O_CANCELLED | 51>,O_SELECTED,<O_SELECTED | 63>,0.125,0.0,1,0.08870104971688854,0.43867447545174043,1
<O_CANCELLED | 52>,O_SELECTED,<O_SELECTED | 22>,0.5,0.0,2,0.0041300092510991775,0.23104594868641892,1
<O_CANCELLED | 52>,O_SELECTED,<O_SELECTED | 34>,0.25,0.0,1,0.0041300092510991775,0.23104594868641892,1
<O_CANCELLED | 52>,O_SELECTED,<O_SELECTED | 92>,0.25,0.0,1,0.0041300092510991775,0.23104594868641892,1
<O_CANCELLED | 58>,O_SELECTED,<O_SELECTED | 62>,0.25,0.0,1,0.023467204032966506,0.23104594868641892,1
<O_CANCELLED | 58>,O_SELECTED,<O_SELECTED | 64>,0.25,0.0,1,0.023467204032966506,0.23104594868641892,1
<O_CANCELLED | 58>,O_SELECTED,<O_SELECTED | 96>,0.5,0.0,2,0.023467204032966506,0.23104594868641892,1
<O_CANCELLED | 5>,O_SELECTED,<O_SELECTED | 63>,1.0,0.0,12,0.09357161179282626,0.6080882697586234,1
<O_CANCELLED | 60>,O_SELECTED,<O_SELECTED | 60>,0.5,0.0,1,0.024805486852964312,0.11710726941545657,1
<O_CANCELLED | 60>,O_SELECTED,<O_SELECTED | 63>,0.5,0.0,1,0.024805486852964312,0.11710726941545657,1
<O_CANCELLED | 62>,O_SELECTED,<O_SELECTED | 62>,0.4,0.0,2,0.012467091151315071,0.2859202757201663,1
<O_CANCELLED | 62>,O_SELECTED,<O_SELECTED | 99>,0.6,0.0,3,0.012467091151315071,0.2859202757201663,1
<O_CANCELLED | 64>,O_SELECTED,<O_SELECTED | 62>,0.1428571428571428,0.0,1,0.02690409132584321,0.38997004447044614,1
<O_CANCELLED | 64>,O_SELECTED,<O_SELECTED | 64>,0.8571428571428571,0.0,6,0.02690409132584321,0.38997004447044614,1
<O_CANCELLED | 66>,O_SELECTED,<O_SELECTED | 64>,0.3333333333333333,0.0,1,0.021214252217328197,0.1746612487639817,1
<O_CANCELLED | 66>,O_SELECTED,<O_SELECTED | 66>,0.6666666666666666,0.0,2,0.021214252217328197,0.1746612487639817,1
<O_CANCELLED | 70>,O_SELECTED,<O_SELECTED | 1>,1.0,0.0,5,0.031617490991674164,0.2859202757201663,1
<O_CANCELLED | 71>,O_SELECTED,<O_SELECTED | 48>,1.0,0.0,2,0.004574069062231674,0.11710726941545657,1
<O_CANCELLED | 73>,O_SELECTED,<O_SELECTED | 63>,1.0,0.0,18,0.12082729681235677,0.7852131693628748,1
<O_CANCELLED | 79>,O_SELECTED,<O_SELECTED | 19>,1.0,0.0,2,0.006759637279925041,0.11710726941545657,1
<O_CANCELLED | 82>,O_SELECTED,<O_SELECTED | 91>,1.0,0.0,10,0.06644760842142085,0.5286252256434942,1
<O_CANCELLED | 83>,O_SELECTED,<O_SELECTED | 83>,0.5,0.0,1,0.0023730085385023354,0.11710726941545657,1
<O_CANCELLED | 83>,O_SELECTED,<O_SELECTED | 88>,0.5,0.0,1,0.0023730085385023354,0.11710726941545657,1
<O_CANCELLED | 84>,O_SELECTED,<O_SELECTED | 1>,1.0,0.0,13,0.07119683983096124,0.6438404641352936,1
<O_CANCELLED | 88>,O_SELECTED,<O_SELECTED | 88>,1.0,0.0,5,0.00923289278193748,0.2859202757201663,1
<O_CANCELLED | 8>,O_SELECTED,<O_SELECTED | 8>,1.0,0.0,1,0.012672054596447529,0.05875577597851056,1
<O_CANCELLED | 91>,O_SELECTED,<O_SELECTED | 91>,1.0,0.0,7,0.049018804918953614,0.38997004447044614,1
<O_CANCELLED | 92>,O_SELECTED,<O_SELECTED | 92>,1.0,0.0,3,0.002148302650072305,0.1746612487639817,1
<O_CANCELLED | 93>,O_SELECTED,<O_SELECTED | 63>,1.0,0.0,4,0.035552966389850775,0.23104594868641892,1
<O_CANCELLED | 94>,O_SELECTED,<O_SELECTED | 22>,1.0,0.0,1,0.0007020336336900685,0.05875577597851056,1
<O_CANCELLED | 96>,O_SELECTED,<O_SELECTED | 21>,0.25,0.0,1,0.030499028160128883,0.23104594868641892,1
<O_CANCELLED | 96>,O_SELECTED,<O_SELECTED | 96>,0.75,0.0,3,0.030499028160128883,0.23104594868641892,1
<O_CANCELLED | 98>,O_SELECTED,<O_SELECTED | 32>,1.0,0.0,1,5.944075564962867e-06,0.05875577597851056,1
<O_CANCELLED | 99>,O_SELECTED,<O_SELECTED | 22>,0.3333333333333333,0.0,1,0.005194794653159661,0.1746612487639817,1
<O_CANCELLED | 99>,O_SELECTED,<O_SELECTED | 99>,0.6666666666666666,0.0,2,0.005194794653159661,0.1746612487639817,1
<O_CANCELLED | 9>,O_SELECTED,<O_SELECTED | 45>,0.2307692307692307,0.0,3,0.102342487358039,0.6438404641352936,1
<O_CANCELLED | 9>,O_SELECTED,<O_SELECTED | 66>,0.3846153846153846,0.0,5,0.102342487358039,0.6438404641352936,1
<O_CANCELLED | 9>,O_SELECTED,<O_SELECTED | 96>,0.3846153846153846,0.0,5,0.102342487358039,0.6438404641352936,1
<O_CREATED | 0>,O_SENT,<O_ACCEPTED | 60>,0.0227272727272727,0.0,3,0.29241675848070475,0.9999996396769203,1
<O_CREATED | 0>,O_SENT,<O_SENT | 0>,0.0151515151515151,0.0,2,0.29241675848070475,0.9999996396769203,1
<O_CREATED | 0>,O_SENT,<O_SENT | 60>,0.9545454545454546,0.0,126,0.29241675848070475,0.9999996396769203,1
<O_CREATED | 0>,O_SENT,<O_SENT_BACK | 60>,0.0075757575757575,0.0,1,0.29241675848070475,0.9999996396769203,1
<O_CREATED | 12>,O_SENT,<O_DECLINED | 12>,0.00625,0.0,1,0.2863458643957224,0.9999999866317352,1
<O_CREATED | 12>,O_SENT,<O_SENT | 12>,0.81875,0.0,131,0.2863458643957224,0.9999999866317352,1
<O_CREATED | 12>,O_SENT,<O_SENT | 8>,0.15,0.0,24,0.2863458643957224,0.9999999866317352,1
<O_CREATED | 12>,O_SENT,<O_SENT_BACK | 12>,0.0125,0.0,2,0.2863458643957224,0.9999999866317352,1
<O_CREATED | 12>,O_SENT,<O_SENT_BACK | 8>,0.0125,0.0,2,0.2863458643957224,0.9999999866317352,1
<O_CREATED | 14>,O_SENT,<O_SENT | 14>,0.9285714285714286,0.0,13,0.014479894871098334,0.6769862914070309,1
<O_CREATED | 14>,O_SENT,<O_SENT | 92>,0.0714285714285714,0.0,1,0.014479894871098334,0.6769862914070309,1
<O_CREATED | 15>,O_SENT,<O_SENT | 15>,0.2321428571428571,0.0,13,0.12429137239716544,0.9972508503518505,1
<O_CREATED | 15>,O_SENT,<O_SENT | 46>,0.75,0.0,42,0.12429137239716544,0.9972508503518505,1
<O_CREATED | 15>,O_SENT,<O_SENT_BACK | 46>,0.0178571428571428,0.0,1,0.12429137239716544,0.9972508503518505,1
<O_CREATED | 16>,O_SENT,<O_SENT | 16>,0.84,0.0,21,0.05897841615127622,0.8996896062623846,1
<O_CREATED | 16>,O_SENT,<O_SENT | 27>,0.16,0.0,4,0.05897841615127622,0.8996896062623846,1
<O_CREATED | 19>,O_SENT,<O_SENT | 19>,0.8461538461538461,0.0,22,0.05632630215521378,0.9103238769979454,1
<O_CREATED | 19>,O_SENT,<O_SENT | 91>,0.1538461538461538,0.0,4,0.05632630215521378,0.9103238769979454,1
<O_CREATED | 1>,O_SENT,<O_SENT | 1>,0.7333333333333333,0.0,33,0.11011508659956487,0.9900080843290755,1
<O_CREATED | 1>,O_SENT,<O_SENT | 64>,0.0444444444444444,0.0,2,0.11011508659956487,0.9900080843290755,1
<O_CREATED | 1>,O_SENT,<O_SENT | 66>,0.2222222222222222,0.0,10,0.11011508659956487,0.9900080843290755,1
<O_CREATED | 21>,O_SENT,<O_ACCEPTED | 4>,0.0232558139534883,0.0,1,0.1133548641222472,0.9873741538299682,1
<O_CREATED | 21>,O_SENT,<O_SENT | 21>,0.8837209302325582,0.0,38,0.1133548641222472,0.9873741538299682,1
<O_CREATED | 21>,O_SENT,<O_SENT | 4>,0.0930232558139534,0.0,4,0.1133548641222472,0.9873741538299682,1
<O_CREATED | 22>,O_SENT,<O_SENT | 22>,0.8421052631578947,0.0,16,0.013837898622417799,0.8067489307034262,1
<O_CREATED | 22>,O_SENT,<O_SENT | 3>,0.0526315789473684,0.0,1,0.013837898622417799,0.8067489307034262,1
<O_CREATED | 22>,O_SENT,<O_SENT | 92>,0.1052631578947368,0.0,2,0.013837898622417799,0.8067489307034262,1
<O_CREATED | 24>,O_SENT,<O_ACCEPTED | 24>,0.0204081632653061,0.0,1,0.14864097067712423,0.9937469761202825,1
<O_CREATED | 24>,O_SENT,<O_SENT | 24>,0.8367346938775511,0.0,41,0.14864097067712423,0.9937469761202825,1
<O_CREATED | 24>,O_SENT,<O_SENT | 82>,0.1428571428571428,0.0,7,0.14864097067712423,0.9937469761202825,1
<O_CREATED | 27>,O_SENT,<O_SENT | 27>,0.9166666666666666,0.0,22,0.10975093649930699,0.887868289117024,1
<O_CREATED | 27>,O_SENT,<O_SENT | 52>,0.0833333333333333,0.0,2,0.10975093649930699,0.887868289117024,1
<O_CREATED | 28>,O_SENT,<O_SENT | 28>,1.0,0.0,12,3.8762680291903416e-05,0.6080882697586234,1
<O_CREATED | 31>,O_SENT,<O_SENT | 31>,1.0,0.0,23,0.0460994883961458,0.8747457142200448,1
<O_CREATED | 32>,O_SENT,<O_ACCEPTED | 32>,0.1428571428571428,0.0,1,0.00025941943403870254,0.38997004447044614,1
<O_CREATED | 32>,O_SENT,<O_SENT | 32>,0.8571428571428571,0.0,6,0.00025941943403870254,0.38997004447044614,1
<O_CREATED | 33>,O_SENT,<O_DECLINED | 47>,0.0012106537530266,0.0,1,0.3648776193617358,1.0,1
<O_CREATED | 33>,O_SENT,<O_DECLINED | 76>,0.0060532687651331,0.0,5,0.3648776193617358,1.0,1
<O_CREATED | 33>,O_SENT,<O_SENT | 11>,0.9612590799031476,0.0,794,0.3648776193617358,1.0,1
<O_CREATED | 33>,O_SENT,<O_SENT | 47>,0.0072639225181598,0.0,6,0.3648776193617358,1.0,1
<O_CREATED | 33>,O_SENT,<O_SENT_BACK | 47>,0.0024213075060532,0.0,2,0.3648776193617358,1.0,1
<O_CREATED | 33>,O_SENT,<O_SENT_BACK | 76>,0.0217917675544794,0.0,18,0.3648776193617358,1.0,1
<O_CREATED | 34>,O_SENT,<O_SENT | 14>,0.0357142857142857,0.0,1,0.04104225850936223,0.9284529184141345,1
<O_CREATED | 34>,O_SENT,<O_SENT | 34>,0.9642857142857144,0.0,27,0.04104225850936223,0.9284529184141345,1
<O_CREATED | 3>,O_SENT,<O_SENT | 3>,1.0,0.0,7,8.592575993710654e-06,0.38997004447044614,1
<O_CREATED | 42>,O_SENT,<O_SENT | 42>,0.9027777777777778,0.0,65,0.28137891264125886,0.999581004582305,1
<O_CREATED | 42>,O_SENT,<O_SENT | 9>,0.0972222222222222,0.0,7,0.28137891264125886,0.999581004582305,1
<O_CREATED | 45>,O_SENT,<O_SENT | 45>,0.8108108108108109,0.0,30,0.22664111388054536,0.9745891950143897,1
<O_CREATED | 45>,O_SENT,<O_SENT | 66>,0.1621621621621621,0.0,6,0.22664111388054536,0.9745891950143897,1
<O_CREATED | 45>,O_SENT,<O_SENT | 96>,0.027027027027027,0.0,1,0.22664111388054536,0.9745891950143897,1
<O_CREATED | 46>,O_SENT,<O_ACCEPTED | 24>,0.0169491525423728,0.0,1,0.14410443540961992,0.9980676066252231,1
<O_CREATED | 46>,O_SENT,<O_SENT | 19>,0.0169491525423728,0.0,1,0.14410443540961992,0.9980676066252231,1
<O_CREATED | 46>,O_SENT,<O_SENT | 24>,0.1864406779661017,0.0,11,0.14410443540961992,0.9980676066252231,1
<O_CREATED | 46>,O_SENT,<O_SENT | 46>,0.7796610169491526,0.0,46,0.14410443540961992,0.9980676066252231,1
<O_CREATED | 47>,O_SENT,<O_SENT | 47>,0.9230769230769232,0.0,12,0.14259080889903117,0.6438404641352936,1
<O_CREATED | 47>,O_SENT,<O_SENT_BACK | 47>,0.0769230769230769,0.0,1,0.14259080889903117,0.6438404641352936,1
<O_CREATED | 48>,O_SENT,<O_SENT | 48>,0.8888888888888888,0.0,24,0.04499999903336374,0.9198783184115151,1
<O_CREATED | 48>,O_SENT,<O_SENT | 88>,0.1111111111111111,0.0,3,0.04499999903336374,0.9198783184115151,1
<O_CREATED | 49>,O_SENT,<O_ACCEPTED | 49>,0.0454545454545454,0.0,2,0.1276960660274076,0.988767629241539,1
<O_CREATED | 49>,O_SENT,<O_SENT | 16>,0.1363636363636363,0.0,6,0.1276960660274076,0.988767629241539,1
<O_CREATED | 49>,O_SENT,<O_SENT | 49>,0.8181818181818182,0.0,36,0.1276960660274076,0.988767629241539,1
<O_CREATED | 4>,O_SENT,<O_SENT | 34>,0.0689655172413793,0.0,2,0.057717192140583407,0.9361403903299841,1
<O_CREATED | 4>,O_SENT,<O_SENT | 4>,0.8620689655172413,0.0,25,0.057717192140583407,0.9361403903299841,1
<O_CREATED | 4>,O_SENT,<O_SENT | 99>,0.0689655172413793,0.0,2,0.057717192140583407,0.9361403903299841,1
<O_CREATED | 51>,O_SENT,<O_ACCEPTED | 70>,0.0232558139534883,0.0,1,0.2683705491919303,0.9873741538299682,1
<O_CREATED | 51>,O_SENT,<O_SENT | 42>,0.2093023255813953,0.0,9,0.2683705491919303,0.9873741538299682,1
<O_CREATED | 51>,O_SENT,<O_SENT | 51>,0.5813953488372093,0.0,25,0.2683705491919303,0.9873741538299682,1
<O_CREATED | 51>,O_SENT,<O_SENT | 70>,0.0465116279069767,0.0,2,0.2683705491919303,0.9873741538299682,1
<O_CREATED | 51>,O_SENT,<O_SENT | 9>,0.1395348837209302,0.0,6,0.2683705491919303,0.9873741538299682,1
<O_CREATED | 52>,O_SENT,<O_SENT | 52>,1.0,0.0,6,0.0005120871208849574,0.3389813455441767,1
<O_CREATED | 58>,O_SENT,<O_SENT | 31>,0.0789473684210526,0.0,3,0.14735570030200745,0.9773776447275518,1
<O_CREATED | 58>,O_SENT,<O_SENT | 49>,0.0263157894736842,0.0,1,0.14735570030200745,0.9773776447275518,1
<O_CREATED | 58>,O_SENT,<O_SENT | 58>,0.8947368421052632,0.0,34,0.14735570030200745,0.9773776447275518,1
<O_CREATED | 5>,O_SENT,<O_ACCEPTED | 42>,0.0138888888888888,0.0,1,0.2548071078017055,0.999581004582305,1
<O_CREATED | 5>,O_SENT,<O_SENT | 42>,0.0416666666666666,0.0,3,0.2548071078017055,0.999581004582305,1
<O_CREATED | 5>,O_SENT,<O_SENT | 51>,0.0416666666666666,0.0,3,0.2548071078017055,0.999581004582305,1
<O_CREATED | 5>,O_SENT,<O_SENT | 5>,0.7777777777777778,0.0,56,0.2548071078017055,0.999581004582305,1
<O_CREATED | 5>,O_SENT,<O_SENT | 84>,0.125,0.0,9,0.2548071078017055,0.999581004582305,1
<O_CREATED | 60>,O_SENT,<O_ACCEPTED | 60>,0.0131578947368421,0.0,1,0.29235995461682845,0.9997382603285074,1
<O_CREATED | 60>,O_SENT,<O_SENT | 5>,0.0657894736842105,0.0,5,0.29235995461682845,0.9997382603285074,1
<O_CREATED | 60>,O_SENT,<O_SENT | 60>,0.9078947368421052,0.0,69,0.29235995461682845,0.9997382603285074,1
<O_CREATED | 60>,O_SENT,<O_SENT_BACK | 60>,0.0131578947368421,0.0,1,0.29235995461682845,0.9997382603285074,1
<O_CREATED | 62>,O_SENT,<O_SENT | 4>,0.0344827586206896,0.0,1,0.05644938378851519,0.9361403903299841,1
<O_CREATED | 62>,O_SENT,<O_SENT | 62>,0.9310344827586208,0.0,27,0.05644938378851519,0.9361403903299841,1
<O_CREATED | 62>,O_SENT,<O_SENT | 99>,0.0344827586206896,0.0,1,0.05644938378851519,0.9361403903299841,1
<O_CREATED | 63>,O_SENT,<O_SENT | 1>,0.0975609756097561,0.0,4,0.15316368687088117,0.9840514675269681,1
<O_CREATED | 63>,O_SENT,<O_SENT | 45>,0.1219512195121951,0.0,5,0.15316368687088117,0.9840514675269681,1
<O_CREATED | 63>,O_SENT,<O_SENT | 63>,0.7804878048780488,0.0,32,0.15316368687088117,0.9840514675269681,1
<O_CREATED | 64>,O_SENT,<O_ACCEPTED | 21>,0.037037037037037,0.0,1,0.08445715999884813,0.9198783184115151,1
<O_CREATED | 64>,O_SENT,<O_SENT | 21>,0.037037037037037,0.0,1,0.08445715999884813,0.9198783184115151,1
<O_CREATED | 64>,O_SENT,<O_SENT | 64>,0.925925925925926,0.0,25,0.08445715999884813,0.9198783184115151,1
<O_CREATED | 66>,O_SENT,<O_SENT | 21>,0.0606060606060606,0.0,2,0.1633377362188396,0.9596271882125111,1
<O_CREATED | 66>,O_SENT,<O_SENT | 66>,0.9393939393939394,0.0,31,0.1633377362188396,0.9596271882125111,1
<O_CREATED | 70>,O_SENT,<O_SENT | 58>,0.2,0.0,9,0.2471077697730896,0.9900080843290755,1
<O_CREATED | 70>,O_SENT,<O_SENT | 70>,0.7777777777777778,0.0,35,0.2471077697730896,0.9900080843290755,1
<O_CREATED | 70>,O_SENT,<O_SENT | 9>,0.0222222222222222,0.0,1,0.2471077697730896,0.9900080843290755,1
<O_CREATED | 71>,O_SENT,<O_SENT | 16>,0.0869565217391304,0.0,2,0.028713593129808215,0.8747457142200448,1
<O_CREATED | 71>,O_SENT,<O_SENT | 71>,0.9130434782608696,0.0,21,0.028713593129808215,0.8747457142200448,1
<O_CREATED | 73>,O_SENT,<O_ACCEPTED | 73>,0.0108695652173913,0.0,1,0.30674810509111494,0.9999601505580314,1
<O_CREATED | 73>,O_SENT,<O_SENT | 42>,0.1847826086956521,0.0,17,0.30674810509111494,0.9999601505580314,1
<O_CREATED | 73>,O_SENT,<O_SENT | 51>,0.0652173913043478,0.0,6,0.30674810509111494,0.9999601505580314,1
<O_CREATED | 73>,O_SENT,<O_SENT | 73>,0.7391304347826086,0.0,68,0.30674810509111494,0.9999601505580314,1
<O_CREATED | 76>,O_SENT,<O_SENT | 76>,0.9743589743589745,0.0,38,0.365524442703733,0.9798632249296322,1
<O_CREATED | 76>,O_SENT,<O_SENT_BACK | 47>,0.0256410256410256,0.0,1,0.365524442703733,0.9798632249296322,1
<O_CREATED | 79>,O_SENT,<O_SENT | 24>,0.6842105263157895,0.0,13,0.09213251724507962,0.8067489307034262,1
<O_CREATED | 79>,O_SENT,<O_SENT | 79>,0.3157894736842105,0.0,6,0.09213251724507962,0.8067489307034262,1
<O_CREATED | 82>,O_SENT,<O_SENT | 71>,0.1034482758620689,0.0,3,0.08323198945341162,0.9361403903299841,1
<O_CREATED | 82>,O_SENT,<O_SENT | 82>,0.896551724137931,0.0,26,0.08323198945341162,0.9361403903299841,1
<O_CREATED | 83>,O_SENT,<O_SENT | 83>,1.0,0.0,10,0.008854047204883015,0.5286252256434942,1
<O_CREATED | 84>,O_SENT,<O_SENT | 42>,0.0277777777777777,0.0,1,0.2374213179460872,0.9714619992035464,1
<O_CREATED | 84>,O_SENT,<O_SENT | 70>,0.2222222222222222,0.0,8,0.2374213179460872,0.9714619992035464,1
<O_CREATED | 84>,O_SENT,<O_SENT | 84>,0.75,0.0,27,0.2374213179460872,0.9714619992035464,1
<O_CREATED | 88>,O_SENT,<O_SENT | 34>,0.1363636363636363,0.0,3,0.03698686769817424,0.8602011489370367,1
<O_CREATED | 88>,O_SENT,<O_SENT | 88>,0.8636363636363636,0.0,19,0.03698686769817424,0.8602011489370367,1
<O_CREATED | 8>,O_SENT,<O_SENT | 8>,0.9565217391304348,0.0,44,0.22588985163786895,0.9911121610642715,1
<O_CREATED | 8>,O_SENT,<O_SENT_BACK | 8>,0.0434782608695652,0.0,2,0.22588985163786895,0.9911121610642715,1
<O_CREATED | 90>,O_SENT,<O_SENT | 90>,1.0,0.0,5,1.728376646021898e-05,0.2859202757201663,1
<O_CREATED | 91>,O_SENT,<O_ACCEPTED | 91>,0.025,0.0,1,0.1381360617243983,0.9820781828189511,1
<O_CREATED | 91>,O_SENT,<O_DECLINED | 91>,0.025,0.0,1,0.1381360617243983,0.9820781828189511,1
<O_CREATED | 91>,O_SENT,<O_SENT | 48>,0.075,0.0,3,0.1381360617243983,0.9820781828189511,1
<O_CREATED | 91>,O_SENT,<O_SENT | 91>,0.875,0.0,35,0.1381360617243983,0.9820781828189511,1
<O_CREATED | 92>,O_SENT,<O_SENT | 28>,0.0666666666666666,0.0,1,0.020053144531497962,0.7075961192380658,1
<O_CREATED | 92>,O_SENT,<O_SENT | 92>,0.9333333333333332,0.0,14,0.020053144531497962,0.7075961192380658,1
<O_CREATED | 93>,O_SENT,<O_SENT | 5>,0.325,0.0,13,0.24180785433681418,0.9820781828189511,1
<O_CREATED | 93>,O_SENT,<O_SENT | 60>,0.225,0.0,9,0.24180785433681418,0.9820781828189511,1
<O_CREATED | 93>,O_SENT,<O_SENT | 73>,0.1,0.0,4,0.24180785433681418,0.9820781828189511,1
<O_CREATED | 93>,O_SENT,<O_SENT | 93>,0.35,0.0,14,0.24180785433681418,0.9820781828189511,1
<O_CREATED | 94>,O_SENT,<O_SENT | 94>,1.0,0.0,12,0.0049103717379131275,0.6080882697586234,1
<O_CREATED | 96>,O_SENT,<O_ACCEPTED | 21>,0.0294117647058823,0.0,1,0.15528847956099515,0.9640275800758169,1
<O_CREATED | 96>,O_SENT,<O_SENT | 21>,0.088235294117647,0.0,3,0.15528847956099515,0.9640275800758169,1
<O_CREATED | 96>,O_SENT,<O_SENT | 96>,0.8823529411764706,0.0,30,0.15528847956099515,0.9640275800758169,1
<O_CREATED | 98>,O_SENT,<O_SENT | 98>,1.0,0.0,5,2.8551228255275337e-08,0.2859202757201663,1
<O_CREATED | 99>,O_SENT,<O_ACCEPTED | 99>,0.0434782608695652,0.0,1,0.045550571050413546,0.8747457142200448,1
<O_CREATED | 99>,O_SENT,<O_SENT | 22>,0.0869565217391304,0.0,2,0.045550571050413546,0.8747457142200448,1
<O_CREATED | 99>,O_SENT,<O_SENT | 34>,0.0869565217391304,0.0,2,0.045550571050413546,0.8747457142200448,1
<O_CREATED | 99>,O_SENT,<O_SENT | 99>,0.782608695652174,0.0,18,0.045550571050413546,0.8747457142200448,1
<O_CREATED | 9>,O_SENT,<O_SENT | 49>,0.0983606557377049,0.0,6,0.20292218068239415,0.9984724459402272,1
<O_CREATED | 9>,O_SENT,<O_SENT | 58>,0.0327868852459016,0.0,2,0.20292218068239415,0.9984724459402272,1
<O_CREATED | 9>,O_SENT,<O_SENT | 9>,0.8688524590163934,0.0,53,0.20292218068239415,0.9984724459402272,1
<O_DECLINED | 0>,A_DECLINED,<A_DECLINED | 0>,0.1372549019607843,0.0,7,0.0635147506784594,0.9950547536867305,1
<O_DECLINED | 0>,A_DECLINED,<A_DECLINED | 97>,0.8627450980392157,0.0,44,0.0635147506784594,0.9950547536867305,1
<O_DECLINED | 12>,A_DECLINED,<A_DECLINED | 50>,1.0,0.0,157,0.06405142021073916,0.9999999809736517,1
<O_DECLINED | 15>,A_DECLINED,<A_DECLINED | 15>,0.2,0.0,3,0.04110094947599858,0.7075961192380658,1
<O_DECLINED | 15>,A_DECLINED,<A_DECLINED | 97>,0.8,0.0,12,0.04110094947599858,0.7075961192380658,1
<O_DECLINED | 16>,A_DECLINED,<A_DECLINED | 74>,1.0,0.0,2,0.001498610656866079,0.11710726941545657,1
<O_DECLINED | 19>,A_DECLINED,<A_DECLINED | 19>,1.0,0.0,1,0.00024225784409542865,0.05875577597851056,1
<O_DECLINED | 21>,A_DECLINED,<A_DECLINED | 53>,1.0,0.0,1,0.0012903112520149154,0.05875577597851056,1
<O_DECLINED | 24>,A_DECLINED,<A_DECLINED | 24>,1.0,0.0,5,0.0032900088914741468,0.2859202757201663,1
<O_DECLINED | 28>,A_DECLINED,<A_DECLINED | 78>,1.0,0.0,1,0.0,0.05875577597851056,1
<O_DECLINED | 37>,A_DECLINED,<A_DECLINED | 37>,1.0,0.0,263,0.08656828965776805,0.999999999999927,1
<O_DECLINED | 3>,A_DECLINED,<A_DECLINED | 78>,1.0,0.0,1,0.0,0.05875577597851056,1
<O_DECLINED | 45>,A_DECLINED,<A_DECLINED | 45>,1.0,0.0,2,0.0005519184001894475,0.11710726941545657,1
<O_DECLINED | 46>,A_DECLINED,<A_DECLINED | 46>,1.0,0.0,5,0.005147303235553773,0.2859202757201663,1
<O_DECLINED | 47>,A_DECLINED,<A_DECLINED | 47>,1.0,0.0,1,0.00022112095675794722,0.05875577597851056,1
<O_DECLINED | 4>,A_DECLINED,<A_DECLINED | 74>,1.0,0.0,1,0.0007518921111673553,0.05875577597851056,1
<O_DECLINED | 51>,A_DECLINED,<A_DECLINED | 51>,1.0,0.0,1,0.00013893392220708643,0.05875577597851056,1
<O_DECLINED | 52>,A_DECLINED,<A_DECLINED | 74>,1.0,0.0,1,0.0007518921111673553,0.05875577597851056,1
<O_DECLINED | 5>,A_DECLINED,<A_DECLINED | 5>,1.0,0.0,1,0.00013893392220708643,0.05875577597851056,1
<O_DECLINED | 62>,A_DECLINED,<A_DECLINED | 53>,1.0,0.0,1,0.0012903112520149154,0.05875577597851056,1
<O_DECLINED | 63>,A_DECLINED,<A_DECLINED | 97>,1.0,0.0,2,0.00815436621585384,0.11710726941545657,1
<O_DECLINED | 64>,A_DECLINED,<A_DECLINED | 53>,1.0,0.0,3,0.003835663316804259,0.1746612487639817,1
<O_DECLINED | 66>,A_DECLINED,<A_DECLINED | 53>,1.0,0.0,2,0.0025717442226407005,0.11710726941545657,1
<O_DECLINED | 70>,A_DECLINED,<A_DECLINED | 70>,1.0,0.0,2,0.0005519184001894475,0.11710726941545657,1
<O_DECLINED | 73>,A_DECLINED,<A_DECLINED | 73>,1.0,0.0,4,0.0021483442764559037,0.23104594868641892,1
<O_DECLINED | 76>,A_DECLINED,<A_DECLINED | 76>,1.0,0.0,6,0.007360043322751746,0.3389813455441767,1
<O_DECLINED | 79>,A_DECLINED,<A_DECLINED | 97>,1.0,0.0,2,0.00815436621585384,0.11710726941545657,1
<O_DECLINED | 82>,A_DECLINED,<A_DECLINED | 82>,1.0,0.0,1,0.00013893392220708643,0.05875577597851056,1
<O_DECLINED | 84>,A_DECLINED,<A_DECLINED | 84>,1.0,0.0,5,0.0032900088914741468,0.2859202757201663,1
<O_DECLINED | 88>,A_DECLINED,<A_DECLINED | 74>,1.0,0.0,1,0.0007518921111673553,0.05875577597851056,1
<O_DECLINED | 8>,A_DECLINED,<A_DECLINED | 50>,0.9705882352941176,0.0,33,0.059998283949531904,0.9640275800758169,1
<O_DECLINED | 8>,A_DECLINED,<A_DECLINED | 8>,0.0294117647058823,0.0,1,0.059998283949531904,0.9640275800758169,1
<O_DECLINED | 91>,A_DECLINED,<A_DECLINED | 91>,1.0,0.0,2,0.0006192319004704272,0.11710726941545657,1
<O_DECLINED | 92>,A_DECLINED,<A_DECLINED | 78>,1.0,0.0,1,0.0,0.05875577597851056,1
<O_DECLINED | 93>,A_DECLINED,<A_DECLINED | 93>,0.2,0.0,1,0.016062485812268552,0.2859202757201663,1
<O_DECLINED | 93>,A_DECLINED,<A_DECLINED | 97>,0.8,0.0,4,0.016062485812268552,0.2859202757201663,1
<O_DECLINED | 95>,A_DECLINED,<A_DECLINED | 37>,1.0,0.0,6,0.029345035309650394,0.3389813455441767,1
<O_DECLINED | 96>,A_DECLINED,<A_DECLINED | 53>,1.0,0.0,1,0.0012903112520149154,0.05875577597851056,1
<O_DECLINED | 99>,A_DECLINED,<A_DECLINED | 74>,1.0,0.0,2,0.001498610656866079,0.11710726941545657,1
<O_DECLINED | 9>,A_DECLINED,<A_DECLINED | 9>,1.0,0.0,1,0.00013893392220708643,0.05875577597851056,1
<O_SELECTED | 0>,O_CREATED,<O_CREATED | 0>,0.6875,0.0,132,0.2902891237676478,0.9999999996901981,1
<O_SELECTED | 0>,O_CREATED,<O_CREATED | 60>,0.2708333333333333,0.0,52,0.2902891237676478,0.9999999996901981,1
<O_SELECTED | 0>,O_CREATED,<O_CREATED | 93>,0.0416666666666666,0.0,8,0.2902891237676478,0.9999999996901981,1
<O_SELECTED | 12>,O_CREATED,<O_CREATED | 12>,0.9142857142857144,0.0,160,0.2811611234942792,0.9999999977108566,1
<O_SELECTED | 12>,O_CREATED,<O_CREATED | 8>,0.0857142857142857,0.0,15,0.2811611234942792,0.9999999977108566,1
<O_SELECTED | 14>,O_CREATED,<O_CREATED | 14>,0.9285714285714286,0.0,13,0.009102499543037235,0.6769862914070309,1
<O_SELECTED | 14>,O_CREATED,<O_CREATED | 98>,0.0714285714285714,0.0,1,0.009102499543037235,0.6769862914070309,1
<O_SELECTED | 15>,O_CREATED,<O_CREATED | 15>,0.7671232876712328,0.0,56,0.1274328619302553,0.9996275003205731,1
<O_SELECTED | 15>,O_CREATED,<O_CREATED | 46>,0.2054794520547945,0.0,15,0.1274328619302553,0.9996275003205731,1
<O_SELECTED | 15>,O_CREATED,<O_CREATED | 79>,0.0273972602739726,0.0,2,0.1274328619302553,0.9996275003205731,1
<O_SELECTED | 16>,O_CREATED,<O_CREATED | 16>,0.8461538461538461,0.0,22,0.060800133536225806,0.9103238769979454,1
<O_SELECTED | 16>,O_CREATED,<O_CREATED | 27>,0.1538461538461538,0.0,4,0.060800133536225806,0.9103238769979454,1
<O_SELECTED | 19>,O_CREATED,<O_CREATED | 19>,0.9285714285714286,0.0,26,0.057721772104199466,0.9284529184141345,1
<O_SELECTED | 19>,O_CREATED,<O_CREATED | 91>,0.0714285714285714,0.0,2,0.057721772104199466,0.9284529184141345,1
<O_SELECTED | 1>,O_CREATED,<O_CREATED | 1>,0.8571428571428571,0.0,42,0.11058244251066127,0.9937469761202825,1
<O_SELECTED | 1>,O_CREATED,<O_CREATED | 64>,0.0816326530612244,0.0,4,0.11058244251066127,0.9937469761202825,1
<O_SELECTED | 1>,O_CREATED,<O_CREATED | 66>,0.0612244897959183,0.0,3,0.11058244251066127,0.9937469761202825,1
<O_SELECTED | 21>,O_CREATED,<O_CREATED | 21>,0.8648648648648649,0.0,32,0.10314612002779665,0.9745891950143897,1
<O_SELECTED | 21>,O_CREATED,<O_CREATED | 4>,0.1351351351351351,0.0,5,0.10314612002779665,0.9745891950143897,1
<O_SELECTED | 22>,O_CREATED,<O_CREATED | 22>,0.9,0.0,18,0.011948333963742246,0.8263354483414422,1
<O_SELECTED | 22>,O_CREATED,<O_CREATED | 92>,0.1,0.0,2,0.011948333963742246,0.8263354483414422,1
<O_SELECTED | 24>,O_CREATED,<O_CREATED | 24>,0.967741935483871,0.0,30,0.13908529595601,0.9491891496740512,1
<O_SELECTED | 24>,O_CREATED,<O_CREATED | 82>,0.032258064516129,0.0,1,0.13908529595601,0.9491891496740512,1
<O_SELECTED | 27>,O_CREATED,<O_CREATED | 27>,1.0,0.0,18,0.0861778806871422,0.7852131693628748,1
<O_SELECTED | 28>,O_CREATED,<O_CREATED | 28>,1.0,0.0,11,2.2082581727329403e-05,0.569686656367308,1
<O_SELECTED | 31>,O_CREATED,<O_CREATED | 27>,0.0952380952380952,0.0,2,0.044029970564831884,0.8441081041207334,1
<O_SELECTED | 31>,O_CREATED,<O_CREATED | 31>,0.9047619047619048,0.0,19,0.044029970564831884,0.8441081041207334,1
<O_SELECTED | 32>,O_CREATED,<O_CREATED | 32>,1.0,0.0,7,0.0001011658082285708,0.38997004447044614,1
<O_SELECTED | 34>,O_CREATED,<O_CREATED | 34>,1.0,0.0,22,0.035304597358873174,0.8602011489370367,1
<O_SELECTED | 3>,O_CREATED,<O_CREATED | 3>,1.0,0.0,6,2.9127229720386285e-06,0.3389813455441767,1
<O_SELECTED | 42>,O_CREATED,<O_CREATED | 42>,0.9074074074074074,0.0,49,0.27397484582535103,0.9965228215289722,1
<O_SELECTED | 42>,O_CREATED,<O_CREATED | 70>,0.0185185185185185,0.0,1,0.27397484582535103,0.9965228215289722,1
<O_SELECTED | 42>,O_CREATED,<O_CREATED | 9>,0.074074074074074,0.0,4,0.27397484582535103,0.9965228215289722,1
<O_SELECTED | 45>,O_CREATED,<O_CREATED | 45>,0.7857142857142857,0.0,33,0.209106852390489,0.9858090389550396,1
<O_SELECTED | 45>,O_CREATED,<O_CREATED | 66>,0.0952380952380952,0.0,4,0.209106852390489,0.9858090389550396,1
<O_SELECTED | 45>,O_CREATED,<O_CREATED | 96>,0.119047619047619,0.0,5,0.209106852390489,0.9858090389550396,1
<O_SELECTED | 46>,O_CREATED,<O_CREATED | 24>,0.1372549019607843,0.0,7,0.14401043474328845,0.9950547536867305,1
<O_SELECTED | 46>,O_CREATED,<O_CREATED | 46>,0.8627450980392157,0.0,44,0.14401043474328845,0.9950547536867305,1
<O_SELECTED | 47>,O_CREATED,<O_CREATED | 47>,1.0,0.0,12,0.08670714166135818,0.6080882697586234,1
<O_SELECTED | 48>,O_CREATED,<O_CREATED | 48>,0.9565217391304348,0.0,22,0.03905879725449253,0.8747457142200448,1
<O_SELECTED | 48>,O_CREATED,<O_CREATED | 88>,0.0434782608695652,0.0,1,0.03905879725449253,0.8747457142200448,1
<O_SELECTED | 49>,O_CREATED,<O_CREATED | 16>,0.05,0.0,2,0.12002981131333318,0.9820781828189511,1
<O_SELECTED | 49>,O_CREATED,<O_CREATED | 31>,0.025,0.0,1,0.12002981131333318,0.9820781828189511,1
<O_SELECTED | 49>,O_CREATED,<O_CREATED | 49>,0.925,0.0,37,0.12002981131333318,0.9820781828189511,1
<O_SELECTED | 4>,O_CREATED,<O_CREATED | 34>,0.1111111111111111,0.0,3,0.04958934427314062,0.9198783184115151,1
<O_SELECTED | 4>,O_CREATED,<O_CREATED | 4>,0.8518518518518519,0.0,23,0.04958934427314062,0.9198783184115151,1
<O_SELECTED | 4>,O_CREATED,<O_CREATED | 94>,0.037037037037037,0.0,1,0.04958934427314062,0.9198783184115151,1
<O_SELECTED | 51>,O_CREATED,<O_CREATED | 42>,0.125,0.0,7,0.2595796259879723,0.9972508503518505,1
<O_SELECTED | 51>,O_CREATED,<O_CREATED | 51>,0.6785714285714286,0.0,38,0.2595796259879723,0.9972508503518505,1
<O_SELECTED | 51>,O_CREATED,<O_CREATED | 70>,0.0714285714285714,0.0,4,0.2595796259879723,0.9972508503518505,1
<O_SELECTED | 51>,O_CREATED,<O_CREATED | 9>,0.125,0.0,7,0.2595796259879723,0.9972508503518505,1
<O_SELECTED | 52>,O_CREATED,<O_CREATED | 52>,1.0,0.0,6,0.00017358798109437732,0.3389813455441767,1
<O_SELECTED | 58>,O_CREATED,<O_CREATED | 31>,0.088235294117647,0.0,3,0.13288454972043232,0.9640275800758169,1
<O_SELECTED | 58>,O_CREATED,<O_CREATED | 49>,0.0294117647058823,0.0,1,0.13288454972043232,0.9640275800758169,1
<O_SELECTED | 58>,O_CREATED,<O_CREATED | 58>,0.8823529411764706,0.0,30,0.13288454972043232,0.9640275800758169,1
<O_SELECTED | 5>,O_CREATED,<O_CREATED | 42>,0.0576923076923076,0.0,3,0.25288146486796587,0.9956024208766528,1
<O_SELECTED | 5>,O_CREATED,<O_CREATED | 5>,0.8076923076923077,0.0,42,0.25288146486796587,0.9956024208766528,1
<O_SELECTED | 5>,O_CREATED,<O_CREATED | 84>,0.1346153846153846,0.0,7,0.25288146486796587,0.9956024208766528,1
<O_SELECTED | 60>,O_CREATED,<O_CREATED | 60>,0.48,0.0,12,0.2697618685071032,0.8996896062623846,1
<O_SELECTED | 60>,O_CREATED,<O_CREATED | 73>,0.52,0.0,13,0.2697618685071032,0.8996896062623846,1
<O_SELECTED | 62>,O_CREATED,<O_CREATED | 4>,0.0384615384615384,0.0,1,0.05104998737164006,0.9103238769979454,1
<O_SELECTED | 62>,O_CREATED,<O_CREATED | 62>,0.9230769230769232,0.0,24,0.05104998737164006,0.9103238769979454,1
<O_SELECTED | 62>,O_CREATED,<O_CREATED | 99>,0.0384615384615384,0.0,1,0.05104998737164006,0.9103238769979454,1
<O_SELECTED | 63>,O_CREATED,<O_CREATED | 1>,0.0638297872340425,0.0,3,0.1538791339148525,0.9920947252609943,1
<O_SELECTED | 63>,O_CREATED,<O_CREATED | 45>,0.0638297872340425,0.0,3,0.1538791339148525,0.9920947252609943,1
<O_SELECTED | 63>,O_CREATED,<O_CREATED | 63>,0.8723404255319149,0.0,41,0.1538791339148525,0.9920947252609943,1
<O_SELECTED | 64>,O_CREATED,<O_CREATED | 62>,0.1923076923076923,0.0,5,0.07198022496088878,0.9103238769979454,1
<O_SELECTED | 64>,O_CREATED,<O_CREATED | 64>,0.8076923076923077,0.0,21,0.07198022496088878,0.9103238769979454,1
<O_SELECTED | 66>,O_CREATED,<O_CREATED | 21>,0.0344827586206896,0.0,1,0.14620001732450638,0.9361403903299841,1
<O_SELECTED | 66>,O_CREATED,<O_CREATED | 64>,0.0689655172413793,0.0,2,0.14620001732450638,0.9361403903299841,1
<O_SELECTED | 66>,O_CREATED,<O_CREATED | 66>,0.896551724137931,0.0,26,0.14620001732450638,0.9361403903299841,1
<O_SELECTED | 68>,O_CREATED,<O_CREATED | 33>,0.9987908101571948,0.0,826,0.3646063833537664,1.0,1
<O_SELECTED | 68>,O_CREATED,<O_CREATED | 47>,0.0012091898428053,0.0,1,0.3646063833537664,1.0,1
<O_SELECTED | 70>,O_CREATED,<O_CREATED | 58>,0.1860465116279069,0.0,8,0.2236339379329083,0.9873741538299682,1
<O_SELECTED | 70>,O_CREATED,<O_CREATED | 70>,0.7674418604651163,0.0,33,0.2236339379329083,0.9873741538299682,1
<O_SELECTED | 70>,O_CREATED,<O_CREATED | 9>,0.0465116279069767,0.0,2,0.2236339379329083,0.9873741538299682,1
<O_SELECTED | 71>,O_CREATED,<O_CREATED | 16>,0.0476190476190476,0.0,1,0.025453883325797566,0.8441081041207334,1
<O_SELECTED | 71>,O_CREATED,<O_CREATED | 71>,0.9523809523809524,0.0,20,0.025453883325797566,0.8441081041207334,1
<O_SELECTED | 73>,O_CREATED,<O_CREATED | 42>,0.1326530612244898,0.0,13,0.30088651532169597,0.9999803272164002,1
<O_SELECTED | 73>,O_CREATED,<O_CREATED | 51>,0.0510204081632653,0.0,5,0.30088651532169597,0.9999803272164002,1
<O_SELECTED | 73>,O_CREATED,<O_CREATED | 5>,0.010204081632653,0.0,1,0.30088651532169597,0.9999803272164002,1
<O_SELECTED | 73>,O_CREATED,<O_CREATED | 73>,0.8061224489795918,0.0,79,0.30088651532169597,0.9999803272164002,1
<O_SELECTED | 76>,O_CREATED,<O_CREATED | 76>,1.0,0.0,39,0.35816151009885144,0.9798632249296322,1
<O_SELECTED | 79>,O_CREATED,<O_CREATED | 24>,0.4,0.0,12,0.10791890460351808,0.9430262744001328,1
<O_SELECTED | 79>,O_CREATED,<O_CREATED | 79>,0.5666666666666667,0.0,17,0.10791890460351808,0.9430262744001328,1
<O_SELECTED | 79>,O_CREATED,<O_CREATED | 82>,0.0333333333333333,0.0,1,0.10791890460351808,0.9430262744001328,1
<O_SELECTED | 82>,O_CREATED,<O_CREATED | 71>,0.1,0.0,3,0.0733487191681516,0.9430262744001328,1
<O_SELECTED | 82>,O_CREATED,<O_CREATED | 82>,0.9,0.0,27,0.0733487191681516,0.9430262744001328,1
<O_SELECTED | 83>,O_CREATED,<O_CREATED | 83>,0.8333333333333334,0.0,10,0.008235248536658035,0.6080882697586234,1
<O_SELECTED | 83>,O_CREATED,<O_CREATED | 88>,0.1666666666666666,0.0,2,0.008235248536658035,0.6080882697586234,1
<O_SELECTED | 84>,O_CREATED,<O_CREATED | 70>,0.2,0.0,7,0.23168797502390062,0.967956198564481,1
<O_SELECTED | 84>,O_CREATED,<O_CREATED | 84>,0.8,0.0,28,0.23168797502390062,0.967956198564481,1
<O_SELECTED | 88>,O_CREATED,<O_CREATED | 34>,0.1363636363636363,0.0,3,0.032291843603356324,0.8602011489370367,1
<O_SELECTED | 88>,O_CREATED,<O_CREATED | 88>,0.8636363636363636,0.0,19,0.032291843603356324,0.8602011489370367,1
<O_SELECTED | 8>,O_CREATED,<O_CREATED | 45>,0.03125,0.0,1,0.21567678166852328,0.9547009256211574,1
<O_SELECTED | 8>,O_CREATED,<O_CREATED | 8>,0.96875,0.0,31,0.21567678166852328,0.9547009256211574,1
<O_SELECTED | 90>,O_CREATED,<O_CREATED | 90>,1.0,0.0,5,4.941779271788774e-06,0.2859202757201663,1
<O_SELECTED | 91>,O_CREATED,<O_CREATED | 48>,0.1162790697674418,0.0,5,0.12569892014578649,0.9873741538299682,1
<O_SELECTED | 91>,O_CREATED,<O_CREATED | 91>,0.8837209302325582,0.0,38,0.12569892014578649,0.9873741538299682,1
<O_SELECTED | 92>,O_CREATED,<O_CREATED | 28>,0.0666666666666666,0.0,1,0.012299824175511814,0.7075961192380658,1
<O_SELECTED | 92>,O_CREATED,<O_CREATED | 3>,0.0666666666666666,0.0,1,0.012299824175511814,0.7075961192380658,1
<O_SELECTED | 92>,O_CREATED,<O_CREATED | 92>,0.8666666666666667,0.0,13,0.012299824175511814,0.7075961192380658,1
<O_SELECTED | 93>,O_CREATED,<O_CREATED | 5>,0.3918918918918919,0.0,29,0.25495411353795755,0.9996688373016135,1
<O_SELECTED | 93>,O_CREATED,<O_CREATED | 60>,0.1621621621621621,0.0,12,0.25495411353795755,0.9996688373016135,1
<O_SELECTED | 93>,O_CREATED,<O_CREATED | 84>,0.0135135135135135,0.0,1,0.25495411353795755,0.9996688373016135,1
<O_SELECTED | 93>,O_CREATED,<O_CREATED | 93>,0.4324324324324324,0.0,32,0.25495411353795755,0.9996688373016135,1
<O_SELECTED | 94>,O_CREATED,<O_CREATED | 14>,0.0833333333333333,0.0,1,0.0034708656843520473,0.6080882697586234,1
<O_SELECTED | 94>,O_CREATED,<O_CREATED | 94>,0.9166666666666666,0.0,11,0.0034708656843520473,0.6080882697586234,1
<O_SELECTED | 96>,O_CREATED,<O_CREATED | 21>,0.2564102564102564,0.0,10,0.14162480937794944,0.9798632249296322,1
<O_SELECTED | 96>,O_CREATED,<O_CREATED | 96>,0.7435897435897436,0.0,29,0.14162480937794944,0.9798632249296322,1
<O_SELECTED | 98>,O_CREATED,<O_CREATED | 98>,1.0,0.0,4,6.59664561840258e-09,0.23104594868641892,1
<O_SELECTED | 99>,O_CREATED,<O_CREATED | 22>,0.0434782608695652,0.0,1,0.038639032780092,0.8747457142200448,1
<O_SELECTED | 99>,O_CREATED,<O_CREATED | 99>,0.9565217391304348,0.0,22,0.038639032780092,0.8747457142200448,1
<O_SELECTED | 9>,O_CREATED,<O_CREATED | 49>,0.1111111111111111,0.0,6,0.19388608280362232,0.9965228215289722,1
<O_SELECTED | 9>,O_CREATED,<O_CREATED | 9>,0.8888888888888888,0.0,48,0.19388608280362232,0.9965228215289722,1
<O_SENT | 0>,O_CANCELLED,<O_CANCELLED | 60>,1.0,0.0,1,0.0014574487725990083,0.05875577597851056,0
<O_SENT | 0>,W_Call_after_offer,<W_Call_after_offer | 60>,1.0,0.0,1,0.01723125347620888,0.05875577597851056,1
<O_SENT | 11>,O_CANCELLED,<O_DECLINED | 76>,1.0,0.0,1,0.0004324450566637341,0.05875577597851056,0
<O_SENT | 11>,O_SELECTED,<O_SELECTED | 47>,0.2,0.0,9,0.3008318986006183,0.9900080843290755,0
<O_SENT | 11>,O_SELECTED,<O_SELECTED | 76>,0.8,0.0,36,0.3008318986006183,0.9900080843290755,0
<O_SENT | 11>,W_Call_after_offer,<O_DECLINED | 12>,0.1002673796791443,0.0,75,0.3732636804095466,1.0,1
<O_SENT | 11>,W_Call_after_offer,<O_SENT_BACK | 12>,0.356951871657754,0.0,267,0.3732636804095466,1.0,1
<O_SENT | 11>,W_Call_after_offer,<W_Call_after_offer | 47>,0.105614973262032,0.0,79,0.3732636804095466,1.0,1
<O_SENT | 11>,W_Call_after_offer,<W_Call_after_offer | 76>,0.4371657754010695,0.0,327,0.3732636804095466,1.0,1
<O_SENT | 12>,O_SELECTED,<O_SELECTED | 12>,1.0,0.0,5,0.08038870921030332,0.2859202757201663,0
<O_SENT | 12>,W_Call_after_offer,<O_DECLINED | 12>,0.0555555555555555,0.0,7,0.29610968561351936,0.9999992701177346,1
<O_SENT | 12>,W_Call_after_offer,<O_DECLINED | 8>,0.0714285714285714,0.0,9,0.29610968561351936,0.9999992701177346,1
<O_SENT | 12>,W_Call_after_offer,<O_SENT_BACK | 12>,0.1428571428571428,0.0,18,0.29610968561351936,0.9999992701177346,1
<O_SENT | 12>,W_Call_after_offer,<O_SENT_BACK | 8>,0.2698412698412698,0.0,34,0.29610968561351936,0.9999992701177346,1
<O_SENT | 12>,W_Call_after_offer,<W_Call_after_offer | 12>,0.373015873015873,0.0,47,0.29610968561351936,0.9999992701177346,1
<O_SENT | 12>,W_Call_after_offer,<W_Call_after_offer | 8>,0.0873015873015873,0.0,11,0.29610968561351936,0.9999992701177346,1
<O_SENT | 14>,O_CANCELLED,<O_ACCEPTED | 92>,1.0,0.0,1,0.00916757181572236,0.05875577597851056,0
<O_SENT | 14>,O_SELECTED,<O_SELECTED | 14>,1.0,0.0,4,0.0021030956423387327,0.23104594868641892,0
<O_SENT | 14>,W_Call_after_offer,<O_ACCEPTED | 14>,0.2222222222222222,0.0,2,0.020698696395274312,0.4849313121214527,1
<O_SENT | 14>,W_Call_after_offer,<W_Call_after_offer | 14>,0.7777777777777778,0.0,7,0.020698696395274312,0.4849313121214527,1
<O_SENT | 15>,O_SELECTED,<O_SELECTED | 46>,1.0,0.0,1,0.00846137786839928,0.05875577597851056,0
<O_SENT | 15>,W_Call_after_offer,<O_SENT_BACK | 46>,0.3333333333333333,0.0,4,0.07776212156571144,0.6080882697586234,1
<O_SENT | 15>,W_Call_after_offer,<W_Call_after_offer | 15>,0.1666666666666666,0.0,2,0.07776212156571144,0.6080882697586234,1
<O_SENT | 15>,W_Call_after_offer,<W_Call_after_offer | 46>,0.5,0.0,6,0.07776212156571144,0.6080882697586234,1
<O_SENT | 16>,O_SELECTED,<O_SELECTED | 16>,1.0,0.0,3,0.010619424797334765,0.1746612487639817,0
<O_SENT | 16>,W_Call_after_offer,<O_DECLINED | 16>,0.0384615384615384,0.0,1,0.052381316094382194,0.9103238769979454,1
<O_SENT | 16>,W_Call_after_offer,<W_Call_after_offer | 16>,0.8846153846153846,0.0,23,0.052381316094382194,0.9103238769979454,1
<O_SENT | 16>,W_Call_after_offer,<W_Call_after_offer | 27>,0.0769230769230769,0.0,2,0.052381316094382194,0.9103238769979454,1
<O_SENT | 19>,O_SELECTED,<O_SELECTED | 19>,1.0,0.0,1,0.0033914865891565516,0.05875577597851056,0
<O_SENT | 19>,W_Call_after_offer,<O_ACCEPTED | 19>,0.0454545454545454,0.0,1,0.046321503587818585,0.8602011489370367,1
<O_SENT | 19>,W_Call_after_offer,<O_SENT_BACK | 19>,0.2272727272727272,0.0,5,0.046321503587818585,0.8602011489370367,1
<O_SENT | 19>,W_Call_after_offer,<W_Call_after_offer | 19>,0.5,0.0,11,0.046321503587818585,0.8602011489370367,1
<O_SENT | 19>,W_Call_after_offer,<W_Call_after_offer | 91>,0.2272727272727272,0.0,5,0.046321503587818585,0.8602011489370367,1
<O_SENT | 1>,O_CANCELLED,<O_ACCEPTED | 1>,1.0,0.0,1,0.018618302727292656,0.05875577597851056,0
<O_SENT | 1>,O_SELECTED,<O_SELECTED | 1>,1.0,0.0,4,0.025549405976389186,0.23104594868641892,0
<O_SENT | 1>,W_Call_after_offer,<O_ACCEPTED | 1>,0.0625,0.0,2,0.09418358508006183,0.9547009256211574,1
<O_SENT | 1>,W_Call_after_offer,<O_DECLINED | 66>,0.03125,0.0,1,0.09418358508006183,0.9547009256211574,1
<O_SENT | 1>,W_Call_after_offer,<O_SENT_BACK | 1>,0.03125,0.0,1,0.09418358508006183,0.9547009256211574,1
<O_SENT | 1>,W_Call_after_offer,<W_Call_after_offer | 1>,0.75,0.0,24,0.09418358508006183,0.9547009256211574,1
<O_SENT | 1>,W_Call_after_offer,<W_Call_after_offer | 64>,0.09375,0.0,3,0.09418358508006183,0.9547009256211574,1
<O_SENT | 1>,W_Call_after_offer,<W_Call_after_offer | 66>,0.03125,0.0,1,0.09418358508006183,0.9547009256211574,1
<O_SENT | 21>,O_CANCELLED,<O_ACCEPTED | 4>,0.5,0.0,1,0.01796184695282098,0.11710726941545657,0
<O_SENT | 21>,O_CANCELLED,<O_CANCELLED | 21>,0.5,0.0,1,0.01796184695282098,0.11710726941545657,0
<O_SENT | 21>,W_Call_after_offer,<O_ACCEPTED | 21>,0.0714285714285714,0.0,3,0.11584892271895092,0.9858090389550396,1
<O_SENT | 21>,W_Call_after_offer,<O_ACCEPTED | 4>,0.0476190476190476,0.0,2,0.11584892271895092,0.9858090389550396,1
<O_SENT | 21>,W_Call_after_offer,<W_Call_after_offer | 21>,0.8333333333333334,0.0,35,0.11584892271895092,0.9858090389550396,1
<O_SENT | 21>,W_Call_after_offer,<W_Call_after_offer | 4>,0.0238095238095238,0.0,1,0.11584892271895092,0.9858090389550396,1
<O_SENT | 21>,W_Call_after_offer,<W_Call_after_offer | 62>,0.0238095238095238,0.0,1,0.11584892271895092,0.9858090389550396,1
<O_SENT | 22>,O_SELECTED,<O_SELECTED | 22>,1.0,0.0,2,0.0013992367645578132,0.11710726941545657,0
<O_SENT | 22>,W_Call_after_offer,<O_ACCEPTED | 22>,0.0625,0.0,1,0.01657247710063324,0.7357623128722589,1
<O_SENT | 22>,W_Call_after_offer,<O_ACCEPTED | 92>,0.0625,0.0,1,0.01657247710063324,0.7357623128722589,1
<O_SENT | 22>,W_Call_after_offer,<O_DECLINED | 92>,0.0625,0.0,1,0.01657247710063324,0.7357623128722589,1
<O_SENT | 22>,W_Call_after_offer,<W_Call_after_offer | 22>,0.8125,0.0,13,0.01657247710063324,0.7357623128722589,1
<O_SENT | 24>,O_CANCELLED,<O_CANCELLED | 24>,1.0,0.0,1,0.0028626610177756072,0.05875577597851056,0
<O_SENT | 24>,W_Call_after_offer,<O_ACCEPTED | 24>,0.09375,0.0,6,0.15096641145994974,0.9989264683886272,1
<O_SENT | 24>,W_Call_after_offer,<O_ACCEPTED | 82>,0.015625,0.0,1,0.15096641145994974,0.9989264683886272,1
<O_SENT | 24>,W_Call_after_offer,<O_DECLINED | 24>,0.015625,0.0,1,0.15096641145994974,0.9989264683886272,1
<O_SENT | 24>,W_Call_after_offer,<O_SENT_BACK | 24>,0.078125,0.0,5,0.15096641145994974,0.9989264683886272,1
<O_SENT | 24>,W_Call_after_offer,<W_Call_after_offer | 24>,0.765625,0.0,49,0.15096641145994974,0.9989264683886272,1
<O_SENT | 24>,W_Call_after_offer,<W_Call_after_offer | 82>,0.03125,0.0,2,0.15096641145994974,0.9989264683886272,1
<O_SENT | 27>,O_CANCELLED,<O_CANCELLED | 27>,1.0,0.0,1,0.0003634085624158802,0.05875577597851056,0
<O_SENT | 27>,W_Call_after_offer,<O_ACCEPTED | 27>,0.12,0.0,3,0.13471182841622703,0.8996896062623846,1
<O_SENT | 27>,W_Call_after_offer,<O_DECLINED | 52>,0.04,0.0,1,0.13471182841622703,0.8996896062623846,1
<O_SENT | 27>,W_Call_after_offer,<W_Call_after_offer | 27>,0.8,0.0,20,0.13471182841622703,0.8996896062623846,1
<O_SENT | 27>,W_Call_after_offer,<W_Call_after_offer | 52>,0.04,0.0,1,0.13471182841622703,0.8996896062623846,1
<O_SENT | 28>,O_SELECTED,<O_SELECTED | 28>,1.0,0.0,1,1.2974792249981172e-06,0.05875577597851056,0
<O_SENT | 28>,W_Call_after_offer,<O_DECLINED | 28>,0.0833333333333333,0.0,1,6.37451538200038e-05,0.6080882697586234,1
<O_SENT | 28>,W_Call_after_offer,<W_Call_after_offer | 28>,0.75,0.0,9,6.37451538200038e-05,0.6080882697586234,1
<O_SENT | 28>,W_Call_after_offer,<W_Call_after_offer | 32>,0.1666666666666666,0.0,2,6.37451538200038e-05,0.6080882697586234,1
<O_SENT | 31>,O_CANCELLED,<O_ACCEPTED | 62>,1.0,0.0,1,0.010654934214503005,0.05875577597851056,0
<O_SENT | 31>,O_SELECTED,<O_SELECTED | 27>,0.3333333333333333,0.0,1,0.010144198422077064,0.1746612487639817,0
<O_SENT | 31>,O_SELECTED,<O_SELECTED | 31>,0.6666666666666666,0.0,2,0.010144198422077064,0.1746612487639817,0
<O_SENT | 31>,W_Call_after_offer,<O_ACCEPTED | 31>,0.0909090909090909,0.0,2,0.052700445926422465,0.8602011489370367,1
<O_SENT | 31>,W_Call_after_offer,<W_Call_after_offer | 16>,0.0454545454545454,0.0,1,0.052700445926422465,0.8602011489370367,1
<O_SENT | 31>,W_Call_after_offer,<W_Call_after_offer | 27>,0.0909090909090909,0.0,2,0.052700445926422465,0.8602011489370367,1
<O_SENT | 31>,W_Call_after_offer,<W_Call_after_offer | 31>,0.7727272727272727,0.0,17,0.052700445926422465,0.8602011489370367,1
<O_SENT | 32>,W_Call_after_offer,<O_ACCEPTED | 32>,0.1666666666666666,0.0,1,0.0002551638462912074,0.3389813455441767,1
<O_SENT | 32>,W_Call_after_offer,<W_Call_after_offer | 32>,0.8333333333333334,0.0,5,0.0002551638462912074,0.3389813455441767,1
<O_SENT | 34>,O_SELECTED,<O_SELECTED | 34>,1.0,0.0,3,0.006166345029732425,0.1746612487639817,0
<O_SENT | 34>,W_Call_after_offer,<O_ACCEPTED | 14>,0.032258064516129,0.0,1,0.04507560112084298,0.9491891496740512,1
<O_SENT | 34>,W_Call_after_offer,<O_ACCEPTED | 22>,0.032258064516129,0.0,1,0.04507560112084298,0.9491891496740512,1
<O_SENT | 34>,W_Call_after_offer,<O_ACCEPTED | 34>,0.1290322580645161,0.0,4,0.04507560112084298,0.9491891496740512,1
<O_SENT | 34>,W_Call_after_offer,<W_Call_after_offer | 14>,0.032258064516129,0.0,1,0.04507560112084298,0.9491891496740512,1
<O_SENT | 34>,W_Call_after_offer,<W_Call_after_offer | 22>,0.032258064516129,0.0,1,0.04507560112084298,0.9491891496740512,1
<O_SENT | 34>,W_Call_after_offer,<W_Call_after_offer | 34>,0.7419354838709677,0.0,23,0.04507560112084298,0.9491891496740512,1
<O_SENT | 3>,O_SELECTED,<O_SELECTED | 3>,1.0,0.0,2,3.4110103381911706e-07,0.11710726941545657,0
<O_SENT | 3>,W_Call_after_offer,<W_Call_after_offer | 3>,1.0,0.0,6,2.2033938543609963e-05,0.3389813455441767,1
<O_SENT | 42>,O_SELECTED,<O_SELECTED | 42>,1.0,0.0,11,0.1560785781870363,0.569686656367308,0
<O_SENT | 42>,W_Call_after_offer,<O_ACCEPTED | 42>,0.0833333333333333,0.0,7,0.2888929113722021,0.9998978692627122,1
<O_SENT | 42>,W_Call_after_offer,<O_ACCEPTED | 9>,0.0238095238095238,0.0,2,0.2888929113722021,0.9998978692627122,1
<O_SENT | 42>,W_Call_after_offer,<W_Call_after_offer | 42>,0.75,0.0,63,0.2888929113722021,0.9998978692627122,1
<O_SENT | 42>,W_Call_after_offer,<W_Call_after_offer | 70>,0.0119047619047619,0.0,1,0.2888929113722021,0.9998978692627122,1
<O_SENT | 42>,W_Call_after_offer,<W_Call_after_offer | 9>,0.1309523809523809,0.0,11,0.2888929113722021,0.9998978692627122,1
<O_SENT | 45>,O_CANCELLED,<O_CANCELLED | 96>,1.0,0.0,1,0.0017919611359118696,0.05875577597851056,0
<O_SENT | 45>,O_SELECTED,<O_SELECTED | 45>,1.0,0.0,2,0.024487819134295125,0.11710726941545657,0
<O_SENT | 45>,W_Call_after_offer,<O_ACCEPTED | 45>,0.09375,0.0,3,0.24677392800874898,0.9547009256211574,1
<O_SENT | 45>,W_Call_after_offer,<O_DECLINED | 66>,0.03125,0.0,1,0.24677392800874898,0.9547009256211574,1
<O_SENT | 45>,W_Call_after_offer,<O_SENT_BACK | 45>,0.0625,0.0,2,0.24677392800874898,0.9547009256211574,1
<O_SENT | 45>,W_Call_after_offer,<W_Call_after_offer | 45>,0.71875,0.0,23,0.24677392800874898,0.9547009256211574,1
<O_SENT | 45>,W_Call_after_offer,<W_Call_after_offer | 66>,0.09375,0.0,3,0.24677392800874898,0.9547009256211574,1
<O_SENT | 46>,O_SELECTED,<O_SELECTED | 46>,1.0,0.0,4,0.0332727641536654,0.23104594868641892,0
<O_SENT | 46>,W_Call_after_offer,<O_ACCEPTED | 24>,0.0238095238095238,0.0,2,0.13785363364149233,0.9998978692627122,1
<O_SENT | 46>,W_Call_after_offer,<O_ACCEPTED | 46>,0.0119047619047619,0.0,1,0.13785363364149233,0.9998978692627122,1
<O_SENT | 46>,W_Call_after_offer,<O_ACCEPTED | 79>,0.0119047619047619,0.0,1,0.13785363364149233,0.9998978692627122,1
<O_SENT | 46>,W_Call_after_offer,<O_DECLINED | 24>,0.0238095238095238,0.0,2,0.13785363364149233,0.9998978692627122,1
<O_SENT | 46>,W_Call_after_offer,<O_DECLINED | 46>,0.0238095238095238,0.0,2,0.13785363364149233,0.9998978692627122,1
<O_SENT | 46>,W_Call_after_offer,<O_SENT_BACK | 24>,0.0119047619047619,0.0,1,0.13785363364149233,0.9998978692627122,1
<O_SENT | 46>,W_Call_after_offer,<O_SENT_BACK | 46>,0.0833333333333333,0.0,7,0.13785363364149233,0.9998978692627122,1
<O_SENT | 46>,W_Call_after_offer,<O_SENT_BACK | 79>,0.0119047619047619,0.0,1,0.13785363364149233,0.9998978692627122,1
<O_SENT | 46>,W_Call_after_offer,<W_Call_after_offer | 24>,0.1309523809523809,0.0,11,0.13785363364149233,0.9998978692627122,1
<O_SENT | 46>,W_Call_after_offer,<W_Call_after_offer | 46>,0.6666666666666666,0.0,56,0.13785363364149233,0.9998978692627122,1
<O_SENT | 47>,O_SELECTED,<O_SELECTED | 47>,1.0,0.0,2,0.010153944300898981,0.11710726941545657,0
<O_SENT | 47>,W_Call_after_offer,<O_DECLINED | 12>,0.125,0.0,2,0.23481096403400004,0.7357623128722589,1
<O_SENT | 47>,W_Call_after_offer,<O_SENT_BACK | 12>,0.1875,0.0,3,0.23481096403400004,0.7357623128722589,1
<O_SENT | 47>,W_Call_after_offer,<O_SENT_BACK | 8>,0.125,0.0,2,0.23481096403400004,0.7357623128722589,1
<O_SENT | 47>,W_Call_after_offer,<W_Call_after_offer | 47>,0.5625,0.0,9,0.23481096403400004,0.7357623128722589,1
<O_SENT | 48>,O_SELECTED,<O_SELECTED | 48>,1.0,0.0,1,0.0022949299259747606,0.05875577597851056,0
<O_SENT | 48>,W_Call_after_offer,<O_ACCEPTED | 48>,0.0769230769230769,0.0,2,0.04970071752904129,0.9103238769979454,1
<O_SENT | 48>,W_Call_after_offer,<W_Call_after_offer | 48>,0.9230769230769232,0.0,24,0.04970071752904129,0.9103238769979454,1
<O_SENT | 49>,O_CANCELLED,<O_CANCELLED | 49>,1.0,0.0,1,0.002309773094704179,0.05875577597851056,0
<O_SENT | 49>,O_SELECTED,<O_SELECTED | 49>,1.0,0.0,5,0.03431893932466102,0.2859202757201663,0
<O_SENT | 49>,W_Call_after_offer,<O_ACCEPTED | 49>,0.1081081081081081,0.0,4,0.13284611792791406,0.9745891950143897,1
<O_SENT | 49>,W_Call_after_offer,<W_Call_after_offer | 16>,0.054054054054054,0.0,2,0.13284611792791406,0.9745891950143897,1
<O_SENT | 49>,W_Call_after_offer,<W_Call_after_offer | 31>,0.027027027027027,0.0,1,0.13284611792791406,0.9745891950143897,1
<O_SENT | 49>,W_Call_after_offer,<W_Call_after_offer | 49>,0.8108108108108109,0.0,30,0.13284611792791406,0.9745891950143897,1
<O_SENT | 4>,O_SELECTED,<O_SELECTED | 4>,1.0,0.0,1,0.0029136591694117653,0.05875577597851056,0
<O_SENT | 4>,W_Call_after_offer,<O_ACCEPTED | 34>,0.0344827586206896,0.0,1,0.06403226188426027,0.9361403903299841,1
<O_SENT | 4>,W_Call_after_offer,<O_ACCEPTED | 4>,0.1034482758620689,0.0,3,0.06403226188426027,0.9361403903299841,1
<O_SENT | 4>,W_Call_after_offer,<W_Call_after_offer | 34>,0.0344827586206896,0.0,1,0.06403226188426027,0.9361403903299841,1
<O_SENT | 4>,W_Call_after_offer,<W_Call_after_offer | 4>,0.7931034482758621,0.0,23,0.06403226188426027,0.9361403903299841,1
<O_SENT | 4>,W_Call_after_offer,<W_Call_after_offer | 52>,0.0344827586206896,0.0,1,0.06403226188426027,0.9361403903299841,1
<O_SENT | 51>,O_SELECTED,<O_SELECTED | 51>,1.0,0.0,2,0.03039844325364923,0.11710726941545657,0
<O_SENT | 51>,W_Call_after_offer,<O_ACCEPTED | 51>,0.125,0.0,4,0.27341474893419593,0.9547009256211574,1
<O_SENT | 51>,W_Call_after_offer,<O_ACCEPTED | 9>,0.03125,0.0,1,0.27341474893419593,0.9547009256211574,1
<O_SENT | 51>,W_Call_after_offer,<O_SENT_BACK | 51>,0.03125,0.0,1,0.27341474893419593,0.9547009256211574,1
<O_SENT | 51>,W_Call_after_offer,<W_Call_after_offer | 42>,0.09375,0.0,3,0.27341474893419593,0.9547009256211574,1
<O_SENT | 51>,W_Call_after_offer,<W_Call_after_offer | 51>,0.40625,0.0,13,0.27341474893419593,0.9547009256211574,1
<O_SENT | 51>,W_Call_after_offer,<W_Call_after_offer | 70>,0.125,0.0,4,0.27341474893419593,0.9547009256211574,1
<O_SENT | 51>,W_Call_after_offer,<W_Call_after_offer | 9>,0.1875,0.0,6,0.27341474893419593,0.9547009256211574,1
<O_SENT | 52>,O_SELECTED,<O_SELECTED | 52>,1.0,0.0,1,1.019929650744325e-05,0.05875577597851056,0
<O_SENT | 52>,W_Call_after_offer,<O_ACCEPTED | 52>,0.1428571428571428,0.0,1,0.0015106646110282763,0.38997004447044614,1
<O_SENT | 52>,W_Call_after_offer,<W_Call_after_offer | 52>,0.7142857142857143,0.0,5,0.0015106646110282763,0.38997004447044614,1
<O_SENT | 52>,W_Call_after_offer,<W_Call_after_offer | 90>,0.1428571428571428,0.0,1,0.0015106646110282763,0.38997004447044614,1
<O_SENT | 58>,W_Call_after_offer,<O_ACCEPTED | 31>,0.0222222222222222,0.0,1,0.1599463386264437,0.9900080843290755,1
<O_SENT | 58>,W_Call_after_offer,<O_ACCEPTED | 58>,0.0666666666666666,0.0,3,0.1599463386264437,0.9900080843290755,1
<O_SENT | 58>,W_Call_after_offer,<W_Call_after_offer | 31>,0.0444444444444444,0.0,2,0.1599463386264437,0.9900080843290755,1
<O_SENT | 58>,W_Call_after_offer,<W_Call_after_offer | 49>,0.0222222222222222,0.0,1,0.1599463386264437,0.9900080843290755,1
<O_SENT | 58>,W_Call_after_offer,<W_Call_after_offer | 58>,0.8444444444444444,0.0,38,0.1599463386264437,0.9900080843290755,1
<O_SENT | 5>,O_CANCELLED,<O_CANCELLED | 5>,1.0,0.0,1,0.005497833759085117,0.05875577597851056,0
<O_SENT | 5>,O_SELECTED,<O_SELECTED | 42>,0.125,0.0,1,0.10976440617807351,0.43867447545174043,0
<O_SENT | 5>,O_SELECTED,<O_SELECTED | 5>,0.625,0.0,5,0.10976440617807351,0.43867447545174043,0
<O_SENT | 5>,O_SELECTED,<O_SELECTED | 84>,0.25,0.0,2,0.10976440617807351,0.43867447545174043,0
<O_SENT | 5>,W_Call_after_offer,<O_ACCEPTED | 51>,0.0307692307692307,0.0,2,0.25265533333032286,0.999045563052712,1
<O_SENT | 5>,W_Call_after_offer,<O_ACCEPTED | 5>,0.0153846153846153,0.0,1,0.25265533333032286,0.999045563052712,1
<O_SENT | 5>,W_Call_after_offer,<O_ACCEPTED | 84>,0.0461538461538461,0.0,3,0.25265533333032286,0.999045563052712,1
<O_SENT | 5>,W_Call_after_offer,<O_DECLINED | 84>,0.0307692307692307,0.0,2,0.25265533333032286,0.999045563052712,1
<O_SENT | 5>,W_Call_after_offer,<O_SENT_BACK | 51>,0.0307692307692307,0.0,2,0.25265533333032286,0.999045563052712,1
<O_SENT | 5>,W_Call_after_offer,<O_SENT_BACK | 5>,0.0461538461538461,0.0,3,0.25265533333032286,0.999045563052712,1
<O_SENT | 5>,W_Call_after_offer,<O_SENT_BACK | 84>,0.0307692307692307,0.0,2,0.25265533333032286,0.999045563052712,1
<O_SENT | 5>,W_Call_after_offer,<W_Call_after_offer | 42>,0.0923076923076923,0.0,6,0.25265533333032286,0.999045563052712,1
<O_SENT | 5>,W_Call_after_offer,<W_Call_after_offer | 51>,0.0615384615384615,0.0,4,0.25265533333032286,0.999045563052712,1
<O_SENT | 5>,W_Call_after_offer,<W_Call_after_offer | 5>,0.4769230769230769,0.0,31,0.25265533333032286,0.999045563052712,1
<O_SENT | 5>,W_Call_after_offer,<W_Call_after_offer | 84>,0.1384615384615384,0.0,9,0.25265533333032286,0.999045563052712,1
<O_SENT | 60>,O_SELECTED,<O_SELECTED | 60>,1.0,0.0,11,0.15367791753498874,0.569686656367308,0
<O_SENT | 60>,W_Call_after_offer,<O_ACCEPTED | 60>,0.005181347150259,0.0,1,0.2999922735902085,0.9999999997245831,1
<O_SENT | 60>,W_Call_after_offer,<O_ACCEPTED | 73>,0.082901554404145,0.0,16,0.2999922735902085,0.9999999997245831,1
<O_SENT | 60>,W_Call_after_offer,<O_DECLINED | 73>,0.0103626943005181,0.0,2,0.2999922735902085,0.9999999997245831,1
<O_SENT | 60>,W_Call_after_offer,<O_SENT_BACK | 60>,0.005181347150259,0.0,1,0.2999922735902085,0.9999999997245831,1
<O_SENT | 60>,W_Call_after_offer,<O_SENT_BACK | 73>,0.1139896373056994,0.0,22,0.2999922735902085,0.9999999997245831,1
<O_SENT | 60>,W_Call_after_offer,<W_Call_after_offer | 5>,0.0259067357512953,0.0,5,0.2999922735902085,0.9999999997245831,1
<O_SENT | 60>,W_Call_after_offer,<W_Call_after_offer | 60>,0.6683937823834197,0.0,129,0.2999922735902085,0.9999999997245831,1
<O_SENT | 60>,W_Call_after_offer,<W_Call_after_offer | 73>,0.0880829015544041,0.0,17,0.2999922735902085,0.9999999997245831,1
<O_SENT | 62>,O_CANCELLED,<O_CANCELLED | 62>,1.0,0.0,1,0.0007325129231569771,0.05875577597851056,0
<O_SENT | 62>,O_SELECTED,<O_SELECTED | 62>,1.0,0.0,4,0.011794884542951741,0.23104594868641892,0
<O_SENT | 62>,W_Call_after_offer,<O_ACCEPTED | 62>,0.0454545454545454,0.0,1,0.06059858232063681,0.8602011489370367,1
<O_SENT | 62>,W_Call_after_offer,<W_Call_after_offer | 4>,0.0454545454545454,0.0,1,0.06059858232063681,0.8602011489370367,1
<O_SENT | 62>,W_Call_after_offer,<W_Call_after_offer | 62>,0.8636363636363636,0.0,19,0.06059858232063681,0.8602011489370367,1
<O_SENT | 62>,W_Call_after_offer,<W_Call_after_offer | 99>,0.0454545454545454,0.0,1,0.06059858232063681,0.8602011489370367,1
<O_SENT | 63>,O_SELECTED,<O_SELECTED | 45>,0.25,0.0,1,0.03874299164846316,0.23104594868641892,0
<O_SENT | 63>,O_SELECTED,<O_SELECTED | 63>,0.75,0.0,3,0.03874299164846316,0.23104594868641892,0
<O_SENT | 63>,W_Call_after_offer,<O_ACCEPTED | 63>,0.0357142857142857,0.0,1,0.14909074520051374,0.9284529184141345,1
<O_SENT | 63>,W_Call_after_offer,<O_DECLINED | 45>,0.0357142857142857,0.0,1,0.14909074520051374,0.9284529184141345,1
<O_SENT | 63>,W_Call_after_offer,<O_SENT_BACK | 63>,0.0714285714285714,0.0,2,0.14909074520051374,0.9284529184141345,1
<O_SENT | 63>,W_Call_after_offer,<W_Call_after_offer | 1>,0.0714285714285714,0.0,2,0.14909074520051374,0.9284529184141345,1
<O_SENT | 63>,W_Call_after_offer,<W_Call_after_offer | 45>,0.2142857142857142,0.0,6,0.14909074520051374,0.9284529184141345,1
<O_SENT | 63>,W_Call_after_offer,<W_Call_after_offer | 63>,0.5714285714285714,0.0,16,0.14909074520051374,0.9284529184141345,1
<O_SENT | 64>,O_SELECTED,<O_SELECTED | 64>,1.0,0.0,1,0.004229251414731712,0.05875577597851056,0
<O_SENT | 64>,W_Call_after_offer,<O_ACCEPTED | 64>,0.1153846153846153,0.0,3,0.07999221945910641,0.9103238769979454,1
<O_SENT | 64>,W_Call_after_offer,<O_DECLINED | 64>,0.0384615384615384,0.0,1,0.07999221945910641,0.9103238769979454,1
<O_SENT | 64>,W_Call_after_offer,<W_Call_after_offer | 62>,0.0769230769230769,0.0,2,0.07999221945910641,0.9103238769979454,1
<O_SENT | 64>,W_Call_after_offer,<W_Call_after_offer | 64>,0.7692307692307693,0.0,20,0.07999221945910641,0.9103238769979454,1
<O_SENT | 66>,O_CANCELLED,<O_CANCELLED | 66>,1.0,0.0,2,0.0024843103320228745,0.11710726941545657,0
<O_SENT | 66>,O_SELECTED,<O_SELECTED | 66>,1.0,0.0,1,0.008590037115559055,0.05875577597851056,0
<O_SENT | 66>,W_Call_after_offer,<O_ACCEPTED | 66>,0.1590909090909091,0.0,7,0.17371750230180458,0.988767629241539,1
<O_SENT | 66>,W_Call_after_offer,<O_ACCEPTED | 96>,0.0454545454545454,0.0,2,0.17371750230180458,0.988767629241539,1
<O_SENT | 66>,W_Call_after_offer,<O_DECLINED | 64>,0.0227272727272727,0.0,1,0.17371750230180458,0.988767629241539,1
<O_SENT | 66>,W_Call_after_offer,<W_Call_after_offer | 21>,0.0454545454545454,0.0,2,0.17371750230180458,0.988767629241539,1
<O_SENT | 66>,W_Call_after_offer,<W_Call_after_offer | 64>,0.0227272727272727,0.0,1,0.17371750230180458,0.988767629241539,1
<O_SENT | 66>,W_Call_after_offer,<W_Call_after_offer | 66>,0.6363636363636364,0.0,28,0.17371750230180458,0.988767629241539,1
<O_SENT | 66>,W_Call_after_offer,<W_Call_after_offer | 96>,0.0681818181818181,0.0,3,0.17371750230180458,0.988767629241539,1
<O_SENT | 70>,O_SELECTED,<O_SELECTED | 70>,0.6666666666666666,0.0,2,0.03732810568431899,0.1746612487639817,0
<O_SENT | 70>,O_SELECTED,<O_SELECTED | 9>,0.3333333333333333,0.0,1,0.03732810568431899,0.1746612487639817,0
<O_SENT | 70>,W_Call_after_offer,<O_ACCEPTED | 58>,0.0476190476190476,0.0,2,0.2737070957973181,0.9858090389550396,1
<O_SENT | 70>,W_Call_after_offer,<O_ACCEPTED | 70>,0.0476190476190476,0.0,2,0.2737070957973181,0.9858090389550396,1
<O_SENT | 70>,W_Call_after_offer,<O_DECLINED | 70>,0.0238095238095238,0.0,1,0.2737070957973181,0.9858090389550396,1
<O_SENT | 70>,W_Call_after_offer,<W_Call_after_offer | 58>,0.119047619047619,0.0,5,0.2737070957973181,0.9858090389550396,1
<O_SENT | 70>,W_Call_after_offer,<W_Call_after_offer | 70>,0.7619047619047619,0.0,32,0.2737070957973181,0.9858090389550396,1
<O_SENT | 71>,O_SELECTED,<O_SELECTED | 16>,0.2,0.0,1,0.009299020376326938,0.2859202757201663,0
<O_SENT | 71>,O_SELECTED,<O_SELECTED | 71>,0.8,0.0,4,0.009299020376326938,0.2859202757201663,0
<O_SENT | 71>,W_Call_after_offer,<O_ACCEPTED | 16>,0.0526315789473684,0.0,1,0.03096258361012895,0.8067489307034262,1
<O_SENT | 71>,W_Call_after_offer,<W_Call_after_offer | 16>,0.0526315789473684,0.0,1,0.03096258361012895,0.8067489307034262,1
<O_SENT | 71>,W_Call_after_offer,<W_Call_after_offer | 71>,0.8947368421052632,0.0,17,0.03096258361012895,0.8067489307034262,1
<O_SENT | 73>,O_SELECTED,<O_SELECTED | 42>,0.5,0.0,2,0.06640912368222815,0.23104594868641892,0
<O_SENT | 73>,O_SELECTED,<O_SELECTED | 73>,0.5,0.0,2,0.06640912368222815,0.23104594868641892,0
<O_SENT | 73>,W_Call_after_offer,<O_ACCEPTED | 42>,0.0294117647058823,0.0,2,0.31001594143562994,0.999329299739067,1
<O_SENT | 73>,W_Call_after_offer,<O_ACCEPTED | 51>,0.0294117647058823,0.0,2,0.31001594143562994,0.999329299739067,1
<O_SENT | 73>,W_Call_after_offer,<O_ACCEPTED | 73>,0.0294117647058823,0.0,2,0.31001594143562994,0.999329299739067,1
<O_SENT | 73>,W_Call_after_offer,<O_SENT_BACK | 42>,0.0147058823529411,0.0,1,0.31001594143562994,0.999329299739067,1
<O_SENT | 73>,W_Call_after_offer,<O_SENT_BACK | 73>,0.0147058823529411,0.0,1,0.31001594143562994,0.999329299739067,1
<O_SENT | 73>,W_Call_after_offer,<W_Call_after_offer | 42>,0.1764705882352941,0.0,12,0.31001594143562994,0.999329299739067,1
<O_SENT | 73>,W_Call_after_offer,<W_Call_after_offer | 51>,0.0147058823529411,0.0,1,0.31001594143562994,0.999329299739067,1
<O_SENT | 73>,W_Call_after_offer,<W_Call_after_offer | 73>,0.6911764705882353,0.0,47,0.31001594143562994,0.999329299739067,1
<O_SENT | 76>,O_SELECTED,<O_SELECTED | 47>,0.25,0.0,1,0.06707160212054494,0.23104594868641892,0
<O_SENT | 76>,O_SELECTED,<O_SELECTED | 76>,0.75,0.0,3,0.06707160212054494,0.23104594868641892,0
<O_SENT | 76>,W_Call_after_offer,<O_DECLINED | 12>,0.0294117647058823,0.0,1,0.38123969424915227,0.9640275800758169,1
<O_SENT | 76>,W_Call_after_offer,<O_SENT_BACK | 12>,0.3823529411764705,0.0,13,0.38123969424915227,0.9640275800758169,1
<O_SENT | 76>,W_Call_after_offer,<W_Call_after_offer | 47>,0.1764705882352941,0.0,6,0.38123969424915227,0.9640275800758169,1
<O_SENT | 76>,W_Call_after_offer,<W_Call_after_offer | 76>,0.4117647058823529,0.0,14,0.38123969424915227,0.9640275800758169,1
<O_SENT | 79>,W_Call_after_offer,<O_ACCEPTED | 24>,0.1666666666666666,0.0,1,0.03454743594406689,0.3389813455441767,1
<O_SENT | 79>,W_Call_after_offer,<O_SENT_BACK | 79>,0.1666666666666666,0.0,1,0.03454743594406689,0.3389813455441767,1
<O_SENT | 79>,W_Call_after_offer,<O_SENT_BACK | 82>,0.1666666666666666,0.0,1,0.03454743594406689,0.3389813455441767,1
<O_SENT | 79>,W_Call_after_offer,<W_Call_after_offer | 79>,0.5,0.0,3,0.03454743594406689,0.3389813455441767,1
<O_SENT | 82>,O_CANCELLED,<O_ACCEPTED | 91>,1.0,0.0,1,0.018618302727292656,0.05875577597851056,0
<O_SENT | 82>,O_SELECTED,<O_SELECTED | 71>,0.25,0.0,1,0.014180445653651036,0.23104594868641892,0
<O_SENT | 82>,O_SELECTED,<O_SELECTED | 82>,0.75,0.0,3,0.014180445653651036,0.23104594868641892,0
<O_SENT | 82>,W_Call_after_offer,<O_ACCEPTED | 71>,0.0357142857142857,0.0,1,0.09559594483623415,0.9284529184141345,1
<O_SENT | 82>,W_Call_after_offer,<O_ACCEPTED | 82>,0.1071428571428571,0.0,3,0.09559594483623415,0.9284529184141345,1
<O_SENT | 82>,W_Call_after_offer,<W_Call_after_offer | 71>,0.1071428571428571,0.0,3,0.09559594483623415,0.9284529184141345,1
<O_SENT | 82>,W_Call_after_offer,<W_Call_after_offer | 82>,0.75,0.0,21,0.09559594483623415,0.9284529184141345,1
<O_SENT | 83>,O_SELECTED,<O_SELECTED | 83>,1.0,0.0,1,0.00048386841685547146,0.05875577597851056,0
<O_SENT | 83>,W_Call_after_offer,<O_ACCEPTED | 83>,0.2222222222222222,0.0,2,0.016749195435213415,0.4849313121214527,1
<O_SENT | 83>,W_Call_after_offer,<W_Call_after_offer | 83>,0.6666666666666666,0.0,6,0.016749195435213415,0.4849313121214527,1
<O_SENT | 83>,W_Call_after_offer,<W_Call_after_offer | 88>,0.1111111111111111,0.0,1,0.016749195435213415,0.4849313121214527,1
<O_SENT | 84>,O_SELECTED,<O_SELECTED | 70>,0.5,0.0,3,0.07717258225211676,0.3389813455441767,0
<O_SENT | 84>,O_SELECTED,<O_SELECTED | 84>,0.5,0.0,3,0.07717258225211676,0.3389813455441767,0
<O_SENT | 84>,W_Call_after_offer,<O_ACCEPTED | 70>,0.1,0.0,3,0.23406388324859087,0.9430262744001328,1
<O_SENT | 84>,W_Call_after_offer,<O_DECLINED | 70>,0.0333333333333333,0.0,1,0.23406388324859087,0.9430262744001328,1
<O_SENT | 84>,W_Call_after_offer,<O_DECLINED | 84>,0.0333333333333333,0.0,1,0.23406388324859087,0.9430262744001328,1
<O_SENT | 84>,W_Call_after_offer,<O_SENT_BACK | 70>,0.0333333333333333,0.0,1,0.23406388324859087,0.9430262744001328,1
<O_SENT | 84>,W_Call_after_offer,<W_Call_after_offer | 70>,0.1666666666666666,0.0,5,0.23406388324859087,0.9430262744001328,1
<O_SENT | 84>,W_Call_after_offer,<W_Call_after_offer | 84>,0.6333333333333333,0.0,19,0.23406388324859087,0.9430262744001328,1
<O_SENT | 88>,W_Call_after_offer,<O_ACCEPTED | 88>,0.1363636363636363,0.0,3,0.042669875535976946,0.8602011489370367,1
<O_SENT | 88>,W_Call_after_offer,<O_DECLINED | 88>,0.0454545454545454,0.0,1,0.042669875535976946,0.8602011489370367,1
<O_SENT | 88>,W_Call_after_offer,<W_Call_after_offer | 88>,0.8181818181818182,0.0,18,0.042669875535976946,0.8602011489370367,1
<O_SENT | 8>,O_SELECTED,<O_SELECTED | 8>,1.0,0.0,6,0.07310923983855015,0.3389813455441767,0
<O_SENT | 8>,W_Call_after_offer,<O_DECLINED | 8>,0.1290322580645161,0.0,8,0.22579670940608046,0.9986418743929403,1
<O_SENT | 8>,W_Call_after_offer,<O_SENT_BACK | 8>,0.3870967741935484,0.0,24,0.22579670940608046,0.9986418743929403,1
<O_SENT | 8>,W_Call_after_offer,<W_Call_after_offer | 8>,0.4838709677419355,0.0,30,0.22579670940608046,0.9986418743929403,1
<O_SENT | 90>,W_Call_after_offer,<O_ACCEPTED | 90>,0.2,0.0,1,6.044960056325217e-05,0.2859202757201663,1
<O_SENT | 90>,W_Call_after_offer,<W_Call_after_offer | 90>,0.8,0.0,4,6.044960056325217e-05,0.2859202757201663,1
<O_SENT | 91>,O_SELECTED,<O_SELECTED | 48>,0.6666666666666666,0.0,2,0.011866281014067465,0.1746612487639817,0
<O_SENT | 91>,O_SELECTED,<O_SELECTED | 91>,0.3333333333333333,0.0,1,0.011866281014067465,0.1746612487639817,0
<O_SENT | 91>,W_Call_after_offer,<O_ACCEPTED | 48>,0.0555555555555555,0.0,2,0.14741939060251416,0.9714619992035464,1
<O_SENT | 91>,W_Call_after_offer,<O_ACCEPTED | 91>,0.1111111111111111,0.0,4,0.14741939060251416,0.9714619992035464,1
<O_SENT | 91>,W_Call_after_offer,<W_Call_after_offer | 48>,0.0555555555555555,0.0,2,0.14741939060251416,0.9714619992035464,1
<O_SENT | 91>,W_Call_after_offer,<W_Call_after_offer | 83>,0.0277777777777777,0.0,1,0.14741939060251416,0.9714619992035464,1
<O_SENT | 91>,W_Call_after_offer,<W_Call_after_offer | 91>,0.75,0.0,27,0.14741939060251416,0.9714619992035464,1
<O_SENT | 92>,O_SELECTED,<O_SELECTED | 92>,1.0,0.0,2,0.0014403988234844081,0.11710726941545657,0
<O_SENT | 92>,W_Call_after_offer,<O_ACCEPTED | 92>,0.1333333333333333,0.0,2,0.030359536421189555,0.7075961192380658,1
<O_SENT | 92>,W_Call_after_offer,<W_Call_after_offer | 92>,0.8666666666666667,0.0,13,0.030359536421189555,0.7075961192380658,1
<O_SENT | 93>,O_SELECTED,<O_SELECTED | 73>,1.0,0.0,1,0.01767865792422881,0.05875577597851056,0
<O_SENT | 93>,W_Call_after_offer,<O_ACCEPTED | 73>,0.1538461538461538,0.0,2,0.18745545569869293,0.6438404641352936,1
<O_SENT | 93>,W_Call_after_offer,<O_SENT_BACK | 51>,0.2307692307692307,0.0,3,0.18745545569869293,0.6438404641352936,1
<O_SENT | 93>,W_Call_after_offer,<W_Call_after_offer | 51>,0.0769230769230769,0.0,1,0.18745545569869293,0.6438404641352936,1
<O_SENT | 93>,W_Call_after_offer,<W_Call_after_offer | 5>,0.0769230769230769,0.0,1,0.18745545569869293,0.6438404641352936,1
<O_SENT | 93>,W_Call_after_offer,<W_Call_after_offer | 73>,0.4615384615384615,0.0,6,0.18745545569869293,0.6438404641352936,1
<O_SENT | 94>,O_SELECTED,<O_SELECTED | 94>,1.0,0.0,2,0.00040646360280227823,0.11710726941545657,0
<O_SENT | 94>,W_Call_after_offer,<W_Call_after_offer | 14>,0.1,0.0,1,0.008075096958969899,0.5286252256434942,1
<O_SENT | 94>,W_Call_after_offer,<W_Call_after_offer | 94>,0.9,0.0,9,0.008075096958969899,0.5286252256434942,1
<O_SENT | 96>,O_CANCELLED,<O_CANCELLED | 96>,1.0,0.0,1,0.0017919611359118696,0.05875577597851056,0
<O_SENT | 96>,O_SELECTED,<O_SELECTED | 21>,0.5,0.0,2,0.028276455177843114,0.23104594868641892,0
<O_SENT | 96>,O_SELECTED,<O_SELECTED | 96>,0.5,0.0,2,0.028276455177843114,0.23104594868641892,0
<O_SENT | 96>,W_Call_after_offer,<O_ACCEPTED | 21>,0.0769230769230769,0.0,2,0.15886639904041822,0.9103238769979454,1
<O_SENT | 96>,W_Call_after_offer,<O_ACCEPTED | 96>,0.1153846153846153,0.0,3,0.15886639904041822,0.9103238769979454,1
<O_SENT | 96>,W_Call_after_offer,<W_Call_after_offer | 21>,0.0769230769230769,0.0,2,0.15886639904041822,0.9103238769979454,1
<O_SENT | 96>,W_Call_after_offer,<W_Call_after_offer | 96>,0.7307692307692307,0.0,19,0.15886639904041822,0.9103238769979454,1
<O_SENT | 98>,W_Call_after_offer,<W_Call_after_offer | 98>,1.0,0.0,5,9.985730526931492e-08,0.2859202757201663,1
<O_SENT | 99>,O_SELECTED,<O_SELECTED | 99>,1.0,0.0,1,0.0022702646040944816,0.05875577597851056,0
<O_SENT | 99>,W_Call_after_offer,<O_ACCEPTED | 99>,0.1,0.0,2,0.048510494053354766,0.8263354483414422,1
<O_SENT | 99>,W_Call_after_offer,<W_Call_after_offer | 99>,0.9,0.0,18,0.048510494053354766,0.8263354483414422,1
<O_SENT | 9>,O_SELECTED,<O_SELECTED | 49>,0.25,0.0,1,0.040530312760105075,0.23104594868641892,0
<O_SENT | 9>,O_SELECTED,<O_SELECTED | 9>,0.75,0.0,3,0.040530312760105075,0.23104594868641892,0
<O_SENT | 9>,W_Call_after_offer,<O_ACCEPTED | 9>,0.0952380952380952,0.0,6,0.2128355582282639,0.9987925220658656,1
<O_SENT | 9>,W_Call_after_offer,<W_Call_after_offer | 49>,0.0952380952380952,0.0,6,0.2128355582282639,0.9987925220658656,1
<O_SENT | 9>,W_Call_after_offer,<W_Call_after_offer | 9>,0.8095238095238095,0.0,51,0.2128355582282639,0.9987925220658656,1
<O_SENT_BACK | 12>,W_Assess_application,<O_ACCEPTED | 15>,0.0126050420168067,0.0,6,0.4964942528131625,1.0,1
<O_SENT_BACK | 12>,W_Assess_application,<O_ACCEPTED | 46>,0.0021008403361344,0.0,1,0.4964942528131625,1.0,1
<O_SENT_BACK | 12>,W_Assess_application,<O_DECLINED | 46>,0.0042016806722689,0.0,2,0.4964942528131625,1.0,1
<O_SENT_BACK | 12>,W_Assess_application,<W_Assess_application | 43>,0.907563025210084,0.0,432,0.4964942528131625,1.0,1
<O_SENT_BACK | 12>,W_Assess_application,<W_Assess_application | 85>,0.0735294117647058,0.0,35,0.4964942528131625,1.0,1
<O_SENT_BACK | 19>,W_Assess_application,<W_Assess_application | 19>,1.0,0.0,6,0.0066227832415953715,0.3389813455441767,1
<O_SENT_BACK | 1>,W_Assess_application,<W_Assess_application | 1>,0.75,0.0,3,0.0011402141773588434,0.23104594868641892,1
<O_SENT_BACK | 1>,W_Assess_application,<W_Assess_application | 64>,0.25,0.0,1,0.0011402141773588434,0.23104594868641892,1
<O_SENT_BACK | 24>,W_Assess_application,<O_ACCEPTED | 24>,0.2,0.0,2,0.09493848022346976,0.5286252256434942,1
<O_SENT_BACK | 24>,W_Assess_application,<W_Assess_application | 24>,0.6,0.0,6,0.09493848022346976,0.5286252256434942,1
<O_SENT_BACK | 24>,W_Assess_application,<W_Assess_application | 79>,0.2,0.0,2,0.09493848022346976,0.5286252256434942,1
<O_SENT_BACK | 42>,W_Assess_application,<W_Assess_application | 51>,1.0,0.0,1,0.0028793651706174764,0.05875577597851056,1
<O_SENT_BACK | 45>,W_Assess_application,<W_Assess_application | 45>,0.6666666666666666,0.0,2,0.0005185840974911238,0.1746612487639817,1
<O_SENT_BACK | 45>,W_Assess_application,<W_Assess_application | 91>,0.3333333333333333,0.0,1,0.0005185840974911238,0.1746612487639817,1
<O_SENT_BACK | 46>,W_Assess_application,<W_Assess_application | 46>,0.8823529411764706,0.0,15,0.17880459961194525,0.7615941559557649,1
<O_SENT_BACK | 46>,W_Assess_application,<W_Assess_application | 79>,0.1176470588235294,0.0,2,0.17880459961194525,0.7615941559557649,1
<O_SENT_BACK | 47>,W_Assess_application,<W_Assess_application | 43>,0.5,0.0,2,0.06138571762743281,0.23104594868641892,1
<O_SENT_BACK | 47>,W_Assess_application,<W_Assess_application | 47>,0.5,0.0,2,0.06138571762743281,0.23104594868641892,1
<O_SENT_BACK | 51>,W_Assess_application,<O_ACCEPTED | 84>,0.0666666666666666,0.0,1,0.0969519594955307,0.7075961192380658,1
<O_SENT_BACK | 51>,W_Assess_application,<W_Assess_application | 51>,0.3333333333333333,0.0,5,0.0969519594955307,0.7075961192380658,1
<O_SENT_BACK | 51>,W_Assess_application,<W_Assess_application | 5>,0.2,0.0,3,0.0969519594955307,0.7075961192380658,1
<O_SENT_BACK | 51>,W_Assess_application,<W_Assess_application | 84>,0.4,0.0,6,0.0969519594955307,0.7075961192380658,1
<O_SENT_BACK | 5>,W_Assess_application,<W_Assess_application | 5>,0.6666666666666666,0.0,2,0.030668118191069526,0.1746612487639817,1
<O_SENT_BACK | 5>,W_Assess_application,<W_Assess_application | 84>,0.3333333333333333,0.0,1,0.030668118191069526,0.1746612487639817,1
<O_SENT_BACK | 60>,W_Assess_application,<W_Assess_application | 60>,0.6666666666666666,0.0,2,0.011014449351645089,0.1746612487639817,1
<O_SENT_BACK | 60>,W_Assess_application,<W_Assess_application | 73>,0.3333333333333333,0.0,1,0.011014449351645089,0.1746612487639817,1
<O_SENT_BACK | 63>,W_Assess_application,<W_Assess_application | 63>,1.0,0.0,3,0.0034489626393152863,0.1746612487639817,1
<O_SENT_BACK | 70>,W_Assess_application,<W_Assess_application | 70>,1.0,0.0,1,0.0004556539868633644,0.05875577597851056,1
<O_SENT_BACK | 73>,W_Assess_application,<W_Assess_application | 5>,0.3958333333333333,0.0,19,0.17810661025755276,0.9929690490514801,1
<O_SENT_BACK | 73>,W_Assess_application,<W_Assess_application | 73>,0.6041666666666666,0.0,29,0.17810661025755276,0.9929690490514801,1
<O_SENT_BACK | 76>,W_Assess_application,<O_ACCEPTED | 15>,0.0555555555555555,0.0,1,0.19169869387325705,0.7852131693628748,1
<O_SENT_BACK | 76>,W_Assess_application,<W_Assess_application | 43>,0.0555555555555555,0.0,1,0.19169869387325705,0.7852131693628748,1
<O_SENT_BACK | 76>,W_Assess_application,<W_Assess_application | 76>,0.8888888888888888,0.0,16,0.19169869387325705,0.7852131693628748,1
<O_SENT_BACK | 79>,W_Assess_application,<W_Assess_application | 79>,1.0,0.0,6,0.08425617669862392,0.3389813455441767,1
<O_SENT_BACK | 82>,W_Assess_application,<W_Assess_application | 82>,1.0,0.0,1,0.00022939305626840957,0.05875577597851056,1
<O_SENT_BACK | 84>,W_Assess_application,<W_Assess_application | 84>,1.0,0.0,3,0.022031478940780197,0.1746612487639817,1
<O_SENT_BACK | 8>,W_Assess_application,<O_ACCEPTED | 24>,0.0082644628099173,0.0,1,0.2745896141041973,0.9999986856227705,1
<O_SENT_BACK | 8>,W_Assess_application,<O_ACCEPTED | 46>,0.0082644628099173,0.0,1,0.2745896141041973,0.9999986856227705,1
<O_SENT_BACK | 8>,W_Assess_application,<O_ACCEPTED | 79>,0.0082644628099173,0.0,1,0.2745896141041973,0.9999986856227705,1
<O_SENT_BACK | 8>,W_Assess_application,<O_DECLINED | 46>,0.0082644628099173,0.0,1,0.2745896141041973,0.9999986856227705,1
<O_SENT_BACK | 8>,W_Assess_application,<W_Assess_application | 24>,0.0330578512396694,0.0,4,0.2745896141041973,0.9999986856227705,1
<O_SENT_BACK | 8>,W_Assess_application,<W_Assess_application | 82>,0.0082644628099173,0.0,1,0.2745896141041973,0.9999986856227705,1
<O_SENT_BACK | 8>,W_Assess_application,<W_Assess_application | 85>,0.9256198347107438,0.0,112,0.2745896141041973,0.9999986856227705,1
<START>,A_SUBMITTED,<A_SUBMITTED | 55>,1.0,0.0,2000,0.2962509630643529,1.0,1
<W_Assess_application | 15>,END,<END | 15>,1.0,0.0878657033396959,1,0.00516261758162144,0.05875577597851056,0
<W_Assess_application | 15>,O_CANCELLED,<A_CANCELLED | 15>,0.3333333333333333,0.0,2,0.012126999453771704,0.3389813455441767,0
<W_Assess_application | 15>,O_CANCELLED,<O_DECLINED | 15>,0.6666666666666666,0.0,4,0.012126999453771704,0.3389813455441767,0
<W_Assess_application | 15>,O_SELECTED,<O_SELECTED | 15>,1.0,0.0,34,0.1228474817482011,0.9640275800758169,0
<W_Assess_application | 15>,W_Assess_application,<O_ACCEPTED | 15>,0.0512820512820512,0.0,6,0.5091614254259522,0.9999978957674759,0
<W_Assess_application | 15>,W_Assess_application,<O_DECLINED | 15>,0.0085470085470085,0.0,1,0.5091614254259522,0.9999978957674759,0
<W_Assess_application | 15>,W_Assess_application,<W_Assess_application | 15>,0.9401709401709402,0.0,110,0.5091614254259522,0.9999978957674759,0
<W_Assess_application | 15>,W_Call_missing_information,<O_ACCEPTED | 0>,0.1007194244604316,0.0,14,0.5194980842085739,0.9999998418614161,1
<W_Assess_application | 15>,W_Call_missing_information,<O_ACCEPTED | 93>,0.014388489208633,0.0,2,0.5194980842085739,0.9999998418614161,1
<W_Assess_application | 15>,W_Call_missing_information,<O_DECLINED | 0>,0.0287769784172661,0.0,4,0.5194980842085739,0.9999998418614161,1
<W_Assess_application | 15>,W_Call_missing_information,<W_Call_missing_information | 15>,0.8489208633093526,0.0,118,0.5194980842085739,0.9999998418614161,1
<W_Assess_application | 15>,W_Call_missing_information,<W_Call_missing_information | 79>,0.0071942446043165,0.0,1,0.5194980842085739,0.9999998418614161,1
<W_Assess_application | 19>,O_SELECTED,<O_SELECTED | 19>,1.0,0.0,3,0.010081754056742125,0.1746612487639817,0
<W_Assess_application | 19>,W_Assess_application,<W_Assess_application | 19>,1.0,0.0,3,0.00341241076087318,0.1746612487639817,0
<W_Assess_application | 19>,W_Call_missing_information,<O_ACCEPTED | 63>,0.3333333333333333,0.0,1,0.019537315468382853,0.1746612487639817,1
<W_Assess_application | 19>,W_Call_missing_information,<W_Call_missing_information | 19>,0.6666666666666666,0.0,2,0.019537315468382853,0.1746612487639817,1
<W_Assess_application | 1>,O_SELECTED,<O_SELECTED | 1>,1.0,0.0,1,0.006497301434920085,0.05875577597851056,1
<W_Assess_application | 1>,W_Assess_application,<W_Assess_application | 1>,1.0,0.0,1,0.0003817470379692625,0.05875577597851056,0
<W_Assess_application | 1>,W_Call_missing_information,<W_Call_missing_information | 1>,1.0,0.0,4,0.004301683416558273,0.23104594868641892,0
<W_Assess_application | 24>,END,<END | 24>,1.0,0.0878482466975997,1,0.005161591903069099,0.05875577597851056,0
<W_Assess_application | 24>,O_SELECTED,<O_SELECTED | 79>,0.5,0.0,1,0.010613857985692591,0.11710726941545657,0
<W_Assess_application | 24>,O_SELECTED,<O_SELECTED | 82>,0.5,0.0,1,0.010613857985692591,0.11710726941545657,0
<W_Assess_application | 24>,W_Assess_application,<W_Assess_application | 24>,0.75,0.0,3,0.024693900255850665,0.23104594868641892,0
<W_Assess_application | 24>,W_Assess_application,<W_Assess_application | 79>,0.25,0.0,1,0.024693900255850665,0.23104594868641892,0
<W_Assess_application | 24>,W_Call_missing_information,<O_ACCEPTED | 84>,0.25,0.0,2,0.059652725143092306,0.43867447545174043,1
<W_Assess_application | 24>,W_Call_missing_information,<W_Call_missing_information | 24>,0.75,0.0,6,0.059652725143092306,0.43867447545174043,1
<W_Assess_application | 43>,END,<END | 15>,1.0,0.0878657033396959,1,0.00516261758162144,0.05875577597851056,0
<W_Assess_application | 43>,O_CANCELLED,<A_CANCELLED | 15>,0.1818181818181818,0.0,2,0.020018789473951012,0.569686656367308,0
<W_Assess_application | 43>,O_CANCELLED,<O_CANCELLED | 15>,0.0909090909090909,0.0,1,0.020018789473951012,0.569686656367308,0
<W_Assess_application | 43>,O_CANCELLED,<O_DECLINED | 15>,0.7272727272727273,0.0,8,0.020018789473951012,0.569686656367308,0
<W_Assess_application | 43>,O_SELECTED,<O_SELECTED | 15>,1.0,0.0,35,0.12334811149993896,0.967956198564481,0
<W_Assess_application | 43>,W_Assess_application,<O_ACCEPTED | 15>,0.031413612565445,0.0,6,0.5046604329184523,0.9999999996515203,0
<W_Assess_application | 43>,W_Assess_application,<O_DECLINED | 15>,0.0104712041884816,0.0,2,0.5046604329184523,0.9999999996515203,0
<W_Assess_application | 43>,W_Assess_application,<W_Assess_application | 15>,0.93717277486911,0.0,179,0.5046604329184523,0.9999999996515203,0
<W_Assess_application | 43>,W_Assess_application,<W_Assess_application | 46>,0.0209424083769633,0.0,4,0.5046604329184523,0.9999999996515203,0
<W_Assess_application | 43>,W_Call_missing_information,<O_ACCEPTED | 0>,0.1116751269035533,0.0,22,0.5176873940931728,0.9999999998279651,1
<W_Assess_application | 43>,W_Call_missing_information,<O_DECLINED | 0>,0.0253807106598984,0.0,5,0.5176873940931728,0.9999999998279651,1
<W_Assess_application | 43>,W_Call_missing_information,<O_DECLINED | 93>,0.0050761421319796,0.0,1,0.5176873940931728,0.9999999998279651,1
<W_Assess_application | 43>,W_Call_missing_information,<W_Call_missing_information | 15>,0.8426395939086294,0.0,166,0.5176873940931728,0.9999999998279651,1
<W_Assess_application | 43>,W_Call_missing_information,<W_Call_missing_information | 46>,0.015228426395939,0.0,3,0.5176873940931728,0.9999999998279651,1
<W_Assess_application | 45>,W_Assess_application,<W_Assess_application | 1>,1.0,0.0,2,0.0007608673782194548,0.11710726941545657,1
<W_Assess_application | 46>,O_CANCELLED,<O_ACCEPTED | 19>,0.5,0.0,1,0.009307236325571028,0.11710726941545657,0
<W_Assess_application | 46>,O_CANCELLED,<O_CANCELLED | 46>,0.5,0.0,1,0.009307236325571028,0.11710726941545657,0
<W_Assess_application | 46>,O_SELECTED,<O_SELECTED | 46>,0.8571428571428571,0.0,12,0.09400190010923773,0.6769862914070309,0
<W_Assess_application | 46>,O_SELECTED,<O_SELECTED | 79>,0.1428571428571428,0.0,2,0.09400190010923773,0.6769862914070309,0
<W_Assess_application | 46>,W_Assess_application,<W_Assess_application | 46>,0.8857142857142857,0.0,31,0.22720279507544017,0.967956198564481,0
<W_Assess_application | 46>,W_Assess_application,<W_Assess_application | 79>,0.1142857142857142,0.0,4,0.22720279507544017,0.967956198564481,0
<W_Assess_application | 46>,W_Call_missing_information,<O_ACCEPTED | 60>,0.0333333333333333,0.0,1,0.23294149791179344,0.9430262744001328,1
<W_Assess_application | 46>,W_Call_missing_information,<O_ACCEPTED | 93>,0.0333333333333333,0.0,1,0.23294149791179344,0.9430262744001328,1
<W_Assess_application | 46>,W_Call_missing_information,<O_DECLINED | 93>,0.0333333333333333,0.0,1,0.23294149791179344,0.9430262744001328,1
<W_Assess_application | 46>,W_Call_missing_information,<W_Call_missing_information | 46>,0.8666666666666667,0.0,26,0.23294149791179344,0.9430262744001328,1
<W_Assess_application | 46>,W_Call_missing_information,<W_Call_missing_information | 79>,0.0333333333333333,0.0,1,0.23294149791179344,0.9430262744001328,1
<W_Assess_application | 47>,O_SELECTED,<O_SELECTED | 15>,1.0,0.0,1,0.007487336738388545,0.05875577597851056,0
<W_Assess_application | 47>,W_Assess_application,<W_Assess_application | 46>,1.0,0.0,1,0.013686534345822152,0.05875577597851056,1
<W_Assess_application | 51>,W_Assess_application,<W_Assess_application | 84>,1.0,0.0,2,0.014771715868270812,0.11710726941545657,0
<W_Assess_application | 51>,W_Call_missing_information,<O_ACCEPTED | 84>,0.25,0.0,1,0.04900576746348891,0.23104594868641892,1
<W_Assess_application | 51>,W_Call_missing_information,<W_Call_missing_information | 84>,0.75,0.0,3,0.04900576746348891,0.23104594868641892,1
<W_Assess_application | 5>,O_SELECTED,<O_SELECTED | 5>,1.0,0.0,7,0.0986156121612018,0.38997004447044614,0
<W_Assess_application | 5>,W_Assess_application,<W_Assess_application | 5>,0.8571428571428571,0.0,12,0.12843395270560026,0.6769862914070309,0
<W_Assess_application | 5>,W_Assess_application,<W_Assess_application | 84>,0.1428571428571428,0.0,2,0.12843395270560026,0.6769862914070309,0
<W_Assess_application | 5>,W_Call_missing_information,<O_ACCEPTED | 5>,0.0384615384615384,0.0,1,0.2003117197321195,0.9103238769979454,1
<W_Assess_application | 5>,W_Call_missing_information,<O_DECLINED | 5>,0.0384615384615384,0.0,1,0.2003117197321195,0.9103238769979454,1
<W_Assess_application | 5>,W_Call_missing_information,<W_Call_missing_information | 5>,0.8076923076923077,0.0,21,0.2003117197321195,0.9103238769979454,1
<W_Assess_application | 5>,W_Call_missing_information,<W_Call_missing_information | 84>,0.1153846153846153,0.0,3,0.2003117197321195,0.9103238769979454,1
<W_Assess_application | 60>,W_Assess_application,<W_Assess_application | 5>,1.0,0.0,1,0.011769383977056989,0.05875577597851056,1
<W_Assess_application | 60>,W_Call_missing_information,<W_Call_missing_information | 60>,1.0,0.0,1,0.0008196718613670007,0.05875577597851056,0
<W_Assess_application | 63>,W_Assess_application,<O_ACCEPTED | 63>,0.5,0.0,1,0.019746581818934784,0.11710726941545657,1
<W_Assess_application | 63>,W_Assess_application,<W_Assess_application | 63>,0.5,0.0,1,0.019746581818934784,0.11710726941545657,1
<W_Assess_application | 63>,W_Call_missing_information,<W_Call_missing_information | 63>,1.0,0.0,2,0.0018133946687015727,0.11710726941545657,0
<W_Assess_application | 64>,W_Call_missing_information,<W_Call_missing_information | 64>,1.0,0.0,1,0.00024849264050379416,0.05875577597851056,1
<W_Assess_application | 70>,W_Call_missing_information,<W_Call_missing_information | 84>,1.0,0.0,1,0.007755088912219298,0.05875577597851056,1
<W_Assess_application | 73>,O_CANCELLED,<O_CANCELLED | 5>,1.0,0.0,2,0.010957838416806052,0.11710726941545657,0
<W_Assess_application | 73>,O_SELECTED,<O_SELECTED | 5>,1.0,0.0,3,0.04416833090626106,0.1746612487639817,0
<W_Assess_application | 73>,W_Assess_application,<W_Assess_application | 5>,0.9090909090909092,0.0,10,0.10477145308795634,0.569686656367308,0
<W_Assess_application | 73>,W_Assess_application,<W_Assess_application | 93>,0.0909090909090909,0.0,1,0.10477145308795634,0.569686656367308,0
<W_Assess_application | 73>,W_Call_missing_information,<O_ACCEPTED | 5>,0.0714285714285714,0.0,1,0.165647980937577,0.6769862914070309,1
<W_Assess_application | 73>,W_Call_missing_information,<W_Call_missing_information | 5>,0.9285714285714286,0.0,13,0.165647980937577,0.6769862914070309,1
<W_Assess_application | 76>,O_CANCELLED,<A_CANCELLED | 15>,1.0,0.0,1,0.0014760970423749803,0.05875577597851056,0
<W_Assess_application | 76>,O_SELECTED,<O_SELECTED | 15>,1.0,0.0,2,0.014923155145587789,0.11710726941545657,0
<W_Assess_application | 76>,W_Assess_application,<W_Assess_application | 15>,1.0,0.0,5,0.14853463887796384,0.2859202757201663,0
<W_Assess_application | 76>,W_Call_missing_information,<O_ACCEPTED | 0>,0.25,0.0,2,0.21744088785016225,0.43867447545174043,1
<W_Assess_application | 76>,W_Call_missing_information,<O_DECLINED | 0>,0.125,0.0,1,0.21744088785016225,0.43867447545174043,1
<W_Assess_application | 76>,W_Call_missing_information,<W_Call_missing_information | 15>,0.625,0.0,5,0.21744088785016225,0.43867447545174043,1
<W_Assess_application | 79>,END,<END | 79>,1.0,0.0877649001710873,1,0.005156694813228749,0.05875577597851056,0
<W_Assess_application | 79>,O_CANCELLED,<O_DECLINED | 79>,1.0,0.0,1,0.0004791161146254431,0.05875577597851056,0
<W_Assess_application | 79>,O_SELECTED,<O_SELECTED | 79>,1.0,0.0,13,0.06948233981991013,0.6438404641352936,0
<W_Assess_application | 79>,W_Assess_application,<O_ACCEPTED | 79>,0.0357142857142857,0.0,1,0.22645253239868265,0.9284529184141345,0
<W_Assess_application | 79>,W_Assess_application,<W_Assess_application | 79>,0.9642857142857144,0.0,27,0.22645253239868265,0.9284529184141345,0
<W_Assess_application | 79>,W_Call_missing_information,<O_ACCEPTED | 5>,0.1034482758620689,0.0,3,0.24855839399297194,0.9361403903299841,1
<W_Assess_application | 79>,W_Call_missing_information,<O_ACCEPTED | 84>,0.0344827586206896,0.0,1,0.24855839399297194,0.9361403903299841,1
<W_Assess_application | 79>,W_Call_missing_information,<O_ACCEPTED | 93>,0.0344827586206896,0.0,1,0.24855839399297194,0.9361403903299841,1
<W_Assess_application | 79>,W_Call_missing_information,<W_Call_missing_information | 79>,0.8275862068965517,0.0,24,0.24855839399297194,0.9361403903299841,1
<W_Assess_application | 82>,O_CANCELLED,<O_CANCELLED | 82>,1.0,0.0,1,0.0039041799269105846,0.05875577597851056,1
<W_Assess_application | 82>,W_Assess_application,<W_Assess_application | 82>,1.0,0.0,1,0.00022939305626840957,0.05875577597851056,0
<W_Assess_application | 82>,W_Call_missing_information,<W_Call_missing_information | 82>,1.0,0.0,1,8.675963839856927e-05,0.05875577597851056,0
<W_Assess_application | 84>,O_CANCELLED,<O_ACCEPTED | 1>,0.5,0.0,1,0.02272300684496464,0.11710726941545657,0
<W_Assess_application | 84>,O_CANCELLED,<O_CANCELLED | 84>,0.5,0.0,1,0.02272300684496464,0.11710726941545657,0
<W_Assess_application | 84>,O_SELECTED,<O_SELECTED | 84>,1.0,0.0,3,0.04046677007295921,0.1746612487639817,0
<W_Assess_application | 84>,W_Assess_application,<W_Assess_application | 84>,1.0,0.0,11,0.07185932576011721,0.569686656367308,0
<W_Assess_application | 84>,W_Call_missing_information,<O_ACCEPTED | 84>,0.4444444444444444,0.0,4,0.12613847638072037,0.4849313121214527,1
<W_Assess_application | 84>,W_Call_missing_information,<O_DECLINED | 84>,0.1111111111111111,0.0,1,0.12613847638072037,0.4849313121214527,1
<W_Assess_application | 84>,W_Call_missing_information,<W_Call_missing_information | 84>,0.4444444444444444,0.0,4,0.12613847638072037,0.4849313121214527,1
<W_Assess_application | 85>,END,<END | 46>,0.5,0.0880412471952624,1,0.010294088932262288,0.11710726941545657,0
<W_Assess_application | 85>,END,<END | 79>,0.5,0.0877649001710873,1,0.010294088932262288,0.11710726941545657,0
<W_Assess_application | 85>,O_CANCELLED,<O_ACCEPTED | 19>,0.4285714285714285,0.0,3,0.02647713644023676,0.38997004447044614,0
<W_Assess_application | 85>,O_CANCELLED,<O_CANCELLED | 46>,0.2857142857142857,0.0,2,0.02647713644023676,0.38997004447044614,0
<W_Assess_application | 85>,O_CANCELLED,<O_CANCELLED | 79>,0.1428571428571428,0.0,1,0.02647713644023676,0.38997004447044614,0
<W_Assess_application | 85>,O_CANCELLED,<O_DECLINED | 79>,0.1428571428571428,0.0,1,0.02647713644023676,0.38997004447044614,0
<W_Assess_application | 85>,O_SELECTED,<O_SELECTED | 46>,0.6428571428571429,0.0,9,0.08876627257646212,0.6769862914070309,0
<W_Assess_application | 85>,O_SELECTED,<O_SELECTED | 79>,0.3571428571428571,0.0,5,0.08876627257646212,0.6769862914070309,0
<W_Assess_application | 85>,W_Assess_application,<O_ACCEPTED | 46>,0.0147058823529411,0.0,1,0.2441081886606993,0.999329299739067,0
<W_Assess_application | 85>,W_Assess_application,<O_ACCEPTED | 79>,0.0294117647058823,0.0,2,0.2441081886606993,0.999329299739067,0
<W_Assess_application | 85>,W_Assess_application,<W_Assess_application | 15>,0.0441176470588235,0.0,3,0.2441081886606993,0.999329299739067,0
<W_Assess_application | 85>,W_Assess_application,<W_Assess_application | 24>,0.0294117647058823,0.0,2,0.2441081886606993,0.999329299739067,0
<W_Assess_application | 85>,W_Assess_application,<W_Assess_application | 46>,0.4411764705882353,0.0,30,0.2441081886606993,0.999329299739067,0
<W_Assess_application | 85>,W_Assess_application,<W_Assess_application | 79>,0.4411764705882353,0.0,30,0.2441081886606993,0.999329299739067,0
<W_Assess_application | 85>,W_Call_missing_information,<O_ACCEPTED | 5>,0.0178571428571428,0.0,1,0.2869457070571197,0.9972508503518505,1
<W_Assess_application | 85>,W_Call_missing_information,<O_ACCEPTED | 84>,0.0178571428571428,0.0,1,0.2869457070571197,0.9972508503518505,1
<W_Assess_application | 85>,W_Call_missing_information,<O_ACCEPTED | 93>,0.0714285714285714,0.0,4,0.2869457070571197,0.9972508503518505,1
<W_Assess_application | 85>,W_Call_missing_information,<W_Call_missing_information | 15>,0.0714285714285714,0.0,4,0.2869457070571197,0.9972508503518505,1
<W_Assess_application | 85>,W_Call_missing_information,<W_Call_missing_information | 46>,0.4821428571428571,0.0,27,0.2869457070571197,0.9972508503518505,1
<W_Assess_application | 85>,W_Call_missing_information,<W_Call_missing_information | 79>,0.3392857142857143,0.0,19,0.2869457070571197,0.9972508503518505,1
<W_Assess_application | 91>,O_SELECTED,<O_SELECTED | 91>,1.0,0.0,1,0.007385536303085508,0.05875577597851056,1
<W_Assess_application | 93>,W_Call_missing_information,<O_ACCEPTED | 5>,1.0,0.0,1,0.01991487331903792,0.05875577597851056,1
<W_Assess_fraud | 13>,A_DECLINED,<A_DECLINED | 13>,1.0,0.0,10,0.04593530462417123,0.5286252256434942,0
<W_Assess_fraud | 13>,A_PREACCEPTED,<A_PREACCEPTED | 13>,1.0,0.0,8,0.13778707841258075,0.43867447545174043,1
<W_Call_after_offer | 12>,END,<END | 12>,0.6666666666666666,0.0880128084726791,2,0.01536984495184758,0.1746612487639817,0
<W_Call_after_offer | 12>,END,<END | 8>,0.3333333333333333,0.0879684583394817,1,0.01536984495184758,0.1746612487639817,0
<W_Call_after_offer | 12>,O_CANCELLED,<O_DECLINED | 12>,1.0,0.0,3,0.011187301039114238,0.1746612487639817,0
<W_Call_after_offer | 12>,O_SELECTED,<O_SELECTED | 12>,0.9,0.0,63,0.2744637586407395,0.9994698825811369,0
<W_Call_after_offer | 12>,O_SELECTED,<O_SELECTED | 8>,0.1,0.0,7,0.2744637586407395,0.9994698825811369,0
<W_Call_after_offer | 12>,W_Call_after_offer,<O_DECLINED | 12>,0.09375,0.0,24,0.32980937334008364,0.9999999999998336,1
<W_Call_after_offer | 12>,W_Call_after_offer,<O_DECLINED | 8>,0.0234375,0.0,6,0.32980937334008364,0.9999999999998336,1
<W_Call_after_offer | 12>,W_Call_after_offer,<O_SENT_BACK | 12>,0.24609375,0.0,63,0.32980937334008364,0.9999999999998336,1
<W_Call_after_offer | 12>,W_Call_after_offer,<O_SENT_BACK | 8>,0.09375,0.0,24,0.32980937334008364,0.9999999999998336,1
<W_Call_after_offer | 12>,W_Call_after_offer,<W_Call_after_offer | 12>,0.49609375,0.0,127,0.32980937334008364,0.9999999999998336,1
<W_Call_after_offer | 12>,W_Call_after_offer,<W_Call_after_offer | 8>,0.046875,0.0,12,0.32980937334008364,0.9999999999998336,1
<W_Call_after_offer | 14>,O_CANCELLED,<O_CANCELLED | 14>,1.0,0.0,2,0.00016868117308749524,0.11710726941545657,0
<W_Call_after_offer | 14>,O_SELECTED,<O_SELECTED | 14>,1.0,0.0,6,0.0030855775429140153,0.3389813455441767,0
<W_Call_after_offer | 14>,W_Call_after_offer,<O_ACCEPTED | 14>,0.1818181818181818,0.0,2,0.02219406258535129,0.569686656367308,1
<W_Call_after_offer | 14>,W_Call_after_offer,<W_Call_after_offer | 14>,0.8181818181818182,0.0,9,0.02219406258535129,0.569686656367308,1
<W_Call_after_offer | 15>,O_SELECTED,<O_SELECTED | 46>,1.0,0.0,1,0.00846137786839928,0.05875577597851056,1
<W_Call_after_offer | 15>,W_Call_after_offer,<W_Call_after_offer | 46>,1.0,0.0,1,0.007857824369887452,0.05875577597851056,0
<W_Call_after_offer | 16>,O_CANCELLED,<O_ACCEPTED | 88>,0.2,0.0,1,0.017352820877351554,0.2859202757201663,0
<W_Call_after_offer | 16>,O_CANCELLED,<O_CANCELLED | 16>,0.6,0.0,3,0.017352820877351554,0.2859202757201663,0
<W_Call_after_offer | 16>,O_CANCELLED,<O_CANCELLED | 27>,0.2,0.0,1,0.017352820877351554,0.2859202757201663,0
<W_Call_after_offer | 16>,O_SELECTED,<O_SELECTED | 16>,0.9523809523809524,0.0,20,0.052341948550266595,0.8441081041207334,1
<W_Call_after_offer | 16>,O_SELECTED,<O_SELECTED | 27>,0.0476190476190476,0.0,1,0.052341948550266595,0.8441081041207334,1
<W_Call_after_offer | 16>,W_Call_after_offer,<O_ACCEPTED | 16>,0.0555555555555555,0.0,1,0.04747516852805112,0.7852131693628748,0
<W_Call_after_offer | 16>,W_Call_after_offer,<W_Call_after_offer | 16>,0.8888888888888888,0.0,16,0.04747516852805112,0.7852131693628748,0
<W_Call_after_offer | 16>,W_Call_after_offer,<W_Call_after_offer | 27>,0.0555555555555555,0.0,1,0.04747516852805112,0.7852131693628748,0
<W_Call_after_offer | 19>,O_CANCELLED,<O_CANCELLED | 91>,0.5,0.0,1,0.0029064868375498747,0.11710726941545657,0
<W_Call_after_offer | 19>,O_CANCELLED,<O_DECLINED | 91>,0.5,0.0,1,0.0029064868375498747,0.11710726941545657,0
<W_Call_after_offer | 19>,O_SELECTED,<O_SELECTED | 19>,0.5,0.0,3,0.031088090150564428,0.3389813455441767,1
<W_Call_after_offer | 19>,O_SELECTED,<O_SELECTED | 91>,0.5,0.0,3,0.031088090150564428,0.3389813455441767,1
<W_Call_after_offer | 19>,W_Call_after_offer,<O_SENT_BACK | 19>,0.1666666666666666,0.0,1,0.02072029930167621,0.3389813455441767,0
<W_Call_after_offer | 19>,W_Call_after_offer,<W_Call_after_offer | 19>,0.5,0.0,3,0.02072029930167621,0.3389813455441767,0
<W_Call_after_offer | 19>,W_Call_after_offer,<W_Call_after_offer | 91>,0.3333333333333333,0.0,2,0.02072029930167621,0.3389813455441767,0
<W_Call_after_offer | 1>,O_CANCELLED,<O_CANCELLED | 64>,0.5,0.0,1,0.0017999224605534073,0.11710726941545657,0
<W_Call_after_offer | 1>,O_CANCELLED,<O_DECLINED | 64>,0.5,0.0,1,0.0017999224605534073,0.11710726941545657,0
<W_Call_after_offer | 1>,O_SELECTED,<O_SELECTED | 1>,0.9047619047619048,0.0,19,0.09023952685766695,0.8441081041207334,1
<W_Call_after_offer | 1>,O_SELECTED,<O_SELECTED | 64>,0.0952380952380952,0.0,2,0.09023952685766695,0.8441081041207334,1
<W_Call_after_offer | 1>,W_Call_after_offer,<O_ACCEPTED | 1>,0.0952380952380952,0.0,2,0.08662406588526993,0.8441081041207334,0
<W_Call_after_offer | 1>,W_Call_after_offer,<O_SENT_BACK | 1>,0.0952380952380952,0.0,2,0.08662406588526993,0.8441081041207334,0
<W_Call_after_offer | 1>,W_Call_after_offer,<W_Call_after_offer | 1>,0.7619047619047619,0.0,16,0.08662406588526993,0.8441081041207334,0
<W_Call_after_offer | 1>,W_Call_after_offer,<W_Call_after_offer | 64>,0.0476190476190476,0.0,1,0.08662406588526993,0.8441081041207334,0
<W_Call_after_offer | 21>,END,<END | 21>,1.0,0.0873520712292797,2,0.01022956253944541,0.11710726941545657,0
<W_Call_after_offer | 21>,O_CANCELLED,<O_ACCEPTED | 21>,0.25,0.0,2,0.04923103812828905,0.43867447545174043,0
<W_Call_after_offer | 21>,O_CANCELLED,<O_CANCELLED | 21>,0.75,0.0,6,0.04923103812828905,0.43867447545174043,0
<W_Call_after_offer | 21>,O_SELECTED,<O_SELECTED | 21>,0.96,0.0,24,0.09087142476372381,0.8996896062623846,1
<W_Call_after_offer | 21>,O_SELECTED,<O_SELECTED | 4>,0.04,0.0,1,0.09087142476372381,0.8996896062623846,1
<W_Call_after_offer | 21>,W_Call_after_offer,<O_ACCEPTED | 21>,0.0476190476190476,0.0,1,0.08920626273000026,0.8441081041207334,0
<W_Call_after_offer | 21>,W_Call_after_offer,<O_ACCEPTED | 4>,0.0476190476190476,0.0,1,0.08920626273000026,0.8441081041207334,0
<W_Call_after_offer | 21>,W_Call_after_offer,<W_Call_after_offer | 21>,0.7619047619047619,0.0,16,0.08920626273000026,0.8441081041207334,0
<W_Call_after_offer | 21>,W_Call_after_offer,<W_Call_after_offer | 4>,0.1428571428571428,0.0,3,0.08920626273000026,0.8441081041207334,0
<W_Call_after_offer | 22>,END,<END | 22>,1.0,0.086457009141887,1,0.005079848660912752,0.05875577597851056,0
<W_Call_after_offer | 22>,O_CANCELLED,<O_CANCELLED | 22>,1.0,0.0,3,0.0004821723158206505,0.1746612487639817,0
<W_Call_after_offer | 22>,O_SELECTED,<O_SELECTED | 22>,1.0,0.0,8,0.005241429134066844,0.43867447545174043,0
<W_Call_after_offer | 22>,W_Call_after_offer,<O_ACCEPTED | 22>,0.1666666666666666,0.0,1,0.0086089896040582,0.3389813455441767,1
<W_Call_after_offer | 22>,W_Call_after_offer,<W_Call_after_offer | 22>,0.6666666666666666,0.0,4,0.0086089896040582,0.3389813455441767,1
<W_Call_after_offer | 22>,W_Call_after_offer,<W_Call_after_offer | 92>,0.1666666666666666,0.0,1,0.0086089896040582,0.3389813455441767,1
<W_Call_after_offer | 24>,END,<END | 24>,1.0,0.0878482466975997,1,0.005161591903069099,0.05875577597851056,0
<W_Call_after_offer | 24>,O_CANCELLED,<O_ACCEPTED | 19>,0.0588235294117647,0.0,1,0.04368723170782644,0.7615941559557649,0
<W_Call_after_offer | 24>,O_CANCELLED,<O_CANCELLED | 24>,0.7647058823529411,0.0,13,0.04368723170782644,0.7615941559557649,0
<W_Call_after_offer | 24>,O_CANCELLED,<O_CANCELLED | 82>,0.1764705882352941,0.0,3,0.04368723170782644,0.7615941559557649,0
<W_Call_after_offer | 24>,O_SELECTED,<O_SELECTED | 24>,0.8888888888888888,0.0,24,0.12122236021738403,0.9198783184115151,1
<W_Call_after_offer | 24>,O_SELECTED,<O_SELECTED | 82>,0.1111111111111111,0.0,3,0.12122236021738403,0.9198783184115151,1
<W_Call_after_offer | 24>,W_Call_after_offer,<O_ACCEPTED | 24>,0.0392156862745098,0.0,2,0.12072845801550229,0.9950547536867305,0
<W_Call_after_offer | 24>,W_Call_after_offer,<O_DECLINED | 24>,0.0392156862745098,0.0,2,0.12072845801550229,0.9950547536867305,0
<W_Call_after_offer | 24>,W_Call_after_offer,<O_SENT_BACK | 24>,0.0588235294117647,0.0,3,0.12072845801550229,0.9950547536867305,0
<W_Call_after_offer | 24>,W_Call_after_offer,<W_Call_after_offer | 24>,0.6078431372549019,0.0,31,0.12072845801550229,0.9950547536867305,0
<W_Call_after_offer | 24>,W_Call_after_offer,<W_Call_after_offer | 82>,0.2549019607843137,0.0,13,0.12072845801550229,0.9950547536867305,0
<W_Call_after_offer | 27>,O_CANCELLED,<O_ACCEPTED | 34>,0.25,0.0,1,0.022355039169252675,0.23104594868641892,0
<W_Call_after_offer | 27>,O_CANCELLED,<O_ACCEPTED | 99>,0.25,0.0,1,0.022355039169252675,0.23104594868641892,0
<W_Call_after_offer | 27>,O_CANCELLED,<O_CANCELLED | 27>,0.25,0.0,1,0.022355039169252675,0.23104594868641892,0
<W_Call_after_offer | 27>,O_CANCELLED,<O_CANCELLED | 52>,0.25,0.0,1,0.022355039169252675,0.23104594868641892,0
<W_Call_after_offer | 27>,O_SELECTED,<O_SELECTED | 27>,1.0,0.0,16,0.06340643681058972,0.7357623128722589,0
<W_Call_after_offer | 27>,W_Call_after_offer,<O_ACCEPTED | 27>,0.2272727272727272,0.0,5,0.14535675809955312,0.8602011489370367,1
<W_Call_after_offer | 27>,W_Call_after_offer,<W_Call_after_offer | 27>,0.7272727272727273,0.0,16,0.14535675809955312,0.8602011489370367,1
<W_Call_after_offer | 27>,W_Call_after_offer,<W_Call_after_offer | 52>,0.0454545454545454,0.0,1,0.14535675809955312,0.8602011489370367,1
<W_Call_after_offer | 28>,O_CANCELLED,<O_CANCELLED | 28>,1.0,0.0,3,6.736634237795994e-07,0.1746612487639817,0
<W_Call_after_offer | 28>,O_SELECTED,<O_SELECTED | 28>,1.0,0.0,5,6.313857856091129e-06,0.2859202757201663,0
<W_Call_after_offer | 28>,W_Call_after_offer,<O_ACCEPTED | 28>,0.2,0.0,1,7.795829158000918e-05,0.2859202757201663,1
<W_Call_after_offer | 28>,W_Call_after_offer,<W_Call_after_offer | 28>,0.8,0.0,4,7.795829158000918e-05,0.2859202757201663,1
<W_Call_after_offer | 31>,O_CANCELLED,<O_CANCELLED | 31>,0.75,0.0,3,0.0014944006479803377,0.23104594868641892,0
<W_Call_after_offer | 31>,O_CANCELLED,<O_DECLINED | 62>,0.25,0.0,1,0.0014944006479803377,0.23104594868641892,0
<W_Call_after_offer | 31>,O_SELECTED,<O_SELECTED | 31>,1.0,0.0,16,0.032395592402031395,0.7357623128722589,0
<W_Call_after_offer | 31>,W_Call_after_offer,<O_ACCEPTED | 31>,0.0666666666666666,0.0,1,0.03879064480644601,0.7075961192380658,1
<W_Call_after_offer | 31>,W_Call_after_offer,<W_Call_after_offer | 27>,0.0666666666666666,0.0,1,0.03879064480644601,0.7075961192380658,1
<W_Call_after_offer | 31>,W_Call_after_offer,<W_Call_after_offer | 31>,0.8666666666666667,0.0,13,0.03879064480644601,0.7075961192380658,1
<W_Call_after_offer | 32>,O_SELECTED,<O_SELECTED | 32>,1.0,0.0,6,3.4293321796385076e-05,0.3389813455441767,0
<W_Call_after_offer | 32>,W_Call_after_offer,<O_ACCEPTED | 32>,0.125,0.0,1,0.0002781603912638327,0.43867447545174043,1
<W_Call_after_offer | 32>,W_Call_after_offer,<W_Call_after_offer | 32>,0.875,0.0,7,0.0002781603912638327,0.43867447545174043,1
<W_Call_after_offer | 34>,O_CANCELLED,<O_ACCEPTED | 34>,0.25,0.0,1,0.010617111917263923,0.23104594868641892,0
<W_Call_after_offer | 34>,O_CANCELLED,<O_CANCELLED | 22>,0.25,0.0,1,0.010617111917263923,0.23104594868641892,0
<W_Call_after_offer | 34>,O_CANCELLED,<O_CANCELLED | 34>,0.5,0.0,2,0.010617111917263923,0.23104594868641892,0
<W_Call_after_offer | 34>,O_SELECTED,<O_SELECTED | 14>,0.2222222222222222,0.0,4,0.023149583057537438,0.7852131693628748,1
<W_Call_after_offer | 34>,O_SELECTED,<O_SELECTED | 34>,0.7777777777777778,0.0,14,0.023149583057537438,0.7852131693628748,1
<W_Call_after_offer | 34>,W_Call_after_offer,<O_ACCEPTED | 34>,0.0909090909090909,0.0,1,0.02058189458700188,0.569686656367308,0
<W_Call_after_offer | 34>,W_Call_after_offer,<W_Call_after_offer | 14>,0.0909090909090909,0.0,1,0.02058189458700188,0.569686656367308,0
<W_Call_after_offer | 34>,W_Call_after_offer,<W_Call_after_offer | 34>,0.7272727272727273,0.0,8,0.02058189458700188,0.569686656367308,0
<W_Call_after_offer | 34>,W_Call_after_offer,<W_Call_after_offer | 94>,0.0909090909090909,0.0,1,0.02058189458700188,0.569686656367308,0
<W_Call_after_offer | 3>,O_SELECTED,<O_SELECTED | 3>,1.0,0.0,4,6.729728423353905e-07,0.23104594868641892,0
<W_Call_after_offer | 3>,W_Call_after_offer,<O_ACCEPTED | 3>,0.3333333333333333,0.0,1,6.500044569779565e-05,0.1746612487639817,1
<W_Call_after_offer | 3>,W_Call_after_offer,<O_DECLINED | 3>,0.3333333333333333,0.0,1,6.500044569779565e-05,0.1746612487639817,1
<W_Call_after_offer | 3>,W_Call_after_offer,<W_Call_after_offer | 3>,0.3333333333333333,0.0,1,6.500044569779565e-05,0.1746612487639817,1
<W_Call_after_offer | 42>,O_CANCELLED,<O_ACCEPTED | 45>,0.3076923076923077,0.0,4,0.12391862898803044,0.6438404641352936,0
<W_Call_after_offer | 42>,O_CANCELLED,<O_CANCELLED | 42>,0.4615384615384615,0.0,6,0.12391862898803044,0.6438404641352936,0
<W_Call_after_offer | 42>,O_CANCELLED,<O_CANCELLED | 51>,0.2307692307692307,0.0,3,0.12391862898803044,0.6438404641352936,0
<W_Call_after_offer | 42>,O_SELECTED,<O_SELECTED | 42>,0.5423728813559322,0.0,32,0.25282015041107486,0.9980676066252231,0
<W_Call_after_offer | 42>,O_SELECTED,<O_SELECTED | 51>,0.2203389830508474,0.0,13,0.25282015041107486,0.9980676066252231,0
<W_Call_after_offer | 42>,O_SELECTED,<O_SELECTED | 70>,0.0508474576271186,0.0,3,0.25282015041107486,0.9980676066252231,0
<W_Call_after_offer | 42>,O_SELECTED,<O_SELECTED | 9>,0.1864406779661017,0.0,11,0.25282015041107486,0.9980676066252231,0
<W_Call_after_offer | 42>,W_Call_after_offer,<O_ACCEPTED | 42>,0.0166666666666666,0.0,1,0.28694914427750784,0.9982818991728452,1
<W_Call_after_offer | 42>,W_Call_after_offer,<O_ACCEPTED | 51>,0.0833333333333333,0.0,5,0.28694914427750784,0.9982818991728452,1
<W_Call_after_offer | 42>,W_Call_after_offer,<O_ACCEPTED | 70>,0.0333333333333333,0.0,2,0.28694914427750784,0.9982818991728452,1
<W_Call_after_offer | 42>,W_Call_after_offer,<O_DECLINED | 51>,0.0166666666666666,0.0,1,0.28694914427750784,0.9982818991728452,1
<W_Call_after_offer | 42>,W_Call_after_offer,<O_SENT_BACK | 51>,0.05,0.0,3,0.28694914427750784,0.9982818991728452,1
<W_Call_after_offer | 42>,W_Call_after_offer,<W_Call_after_offer | 42>,0.5166666666666667,0.0,31,0.28694914427750784,0.9982818991728452,1
<W_Call_after_offer | 42>,W_Call_after_offer,<W_Call_after_offer | 51>,0.1833333333333333,0.0,11,0.28694914427750784,0.9982818991728452,1
<W_Call_after_offer | 42>,W_Call_after_offer,<W_Call_after_offer | 70>,0.0166666666666666,0.0,1,0.28694914427750784,0.9982818991728452,1
<W_Call_after_offer | 42>,W_Call_after_offer,<W_Call_after_offer | 9>,0.0833333333333333,0.0,5,0.28694914427750784,0.9982818991728452,1
<W_Call_after_offer | 45>,O_CANCELLED,<O_CANCELLED | 45>,0.8,0.0,4,0.014596673066436052,0.2859202757201663,0
<W_Call_after_offer | 45>,O_CANCELLED,<O_CANCELLED | 96>,0.2,0.0,1,0.014596673066436052,0.2859202757201663,0
<W_Call_after_offer | 45>,O_SELECTED,<O_SELECTED | 45>,0.9545454545454546,0.0,21,0.1774134604466787,0.8602011489370367,0
<W_Call_after_offer | 45>,O_SELECTED,<O_SELECTED | 66>,0.0454545454545454,0.0,1,0.1774134604466787,0.8602011489370367,0
<W_Call_after_offer | 45>,W_Call_after_offer,<O_ACCEPTED | 45>,0.1388888888888889,0.0,5,0.2824618457882506,0.9714619992035464,1
<W_Call_after_offer | 45>,W_Call_after_offer,<O_SENT_BACK | 45>,0.0277777777777777,0.0,1,0.2824618457882506,0.9714619992035464,1
<W_Call_after_offer | 45>,W_Call_after_offer,<W_Call_after_offer | 45>,0.7777777777777778,0.0,28,0.2824618457882506,0.9714619992035464,1
<W_Call_after_offer | 45>,W_Call_after_offer,<W_Call_after_offer | 66>,0.0277777777777777,0.0,1,0.2824618457882506,0.9714619992035464,1
<W_Call_after_offer | 45>,W_Call_after_offer,<W_Call_after_offer | 96>,0.0277777777777777,0.0,1,0.2824618457882506,0.9714619992035464,1
<W_Call_after_offer | 46>,O_CANCELLED,<O_ACCEPTED | 19>,0.25,0.0,2,0.023159229521060833,0.43867447545174043,0
<W_Call_after_offer | 46>,O_CANCELLED,<O_CANCELLED | 24>,0.25,0.0,2,0.023159229521060833,0.43867447545174043,0
<W_Call_after_offer | 46>,O_CANCELLED,<O_CANCELLED | 46>,0.25,0.0,2,0.023159229521060833,0.43867447545174043,0
<W_Call_after_offer | 46>,O_CANCELLED,<O_CANCELLED | 79>,0.125,0.0,1,0.023159229521060833,0.43867447545174043,0
<W_Call_after_offer | 46>,O_CANCELLED,<O_DECLINED | 19>,0.125,0.0,1,0.023159229521060833,0.43867447545174043,0
<W_Call_after_offer | 46>,O_SELECTED,<O_SELECTED | 24>,0.1891891891891892,0.0,7,0.13373809873041187,0.9745891950143897,1
<W_Call_after_offer | 46>,O_SELECTED,<O_SELECTED | 46>,0.6486486486486487,0.0,24,0.13373809873041187,0.9745891950143897,1
<W_Call_after_offer | 46>,O_SELECTED,<O_SELECTED | 79>,0.1621621621621621,0.0,6,0.13373809873041187,0.9745891950143897,1
<W_Call_after_offer | 46>,W_Call_after_offer,<O_ACCEPTED | 46>,0.088235294117647,0.0,3,0.13126660369892676,0.9640275800758169,0
<W_Call_after_offer | 46>,W_Call_after_offer,<O_SENT_BACK | 24>,0.0294117647058823,0.0,1,0.13126660369892676,0.9640275800758169,0
<W_Call_after_offer | 46>,W_Call_after_offer,<O_SENT_BACK | 46>,0.1470588235294117,0.0,5,0.13126660369892676,0.9640275800758169,0
<W_Call_after_offer | 46>,W_Call_after_offer,<O_SENT_BACK | 79>,0.0294117647058823,0.0,1,0.13126660369892676,0.9640275800758169,0
<W_Call_after_offer | 46>,W_Call_after_offer,<W_Call_after_offer | 24>,0.1470588235294117,0.0,5,0.13126660369892676,0.9640275800758169,0
<W_Call_after_offer | 46>,W_Call_after_offer,<W_Call_after_offer | 46>,0.4705882352941176,0.0,16,0.13126660369892676,0.9640275800758169,0
<W_Call_after_offer | 46>,W_Call_after_offer,<W_Call_after_offer | 79>,0.088235294117647,0.0,3,0.13126660369892676,0.9640275800758169,0
<W_Call_after_offer | 47>,END,<END | 12>,1.0,0.0880128084726791,2,0.01030693967382101,0.11710726941545657,0
<W_Call_after_offer | 47>,O_CANCELLED,<O_DECLINED | 12>,1.0,0.0,1,0.0037633908970076337,0.05875577597851056,0
<W_Call_after_offer | 47>,O_SELECTED,<O_SELECTED | 12>,0.95,0.0,19,0.22962503248085644,0.8263354483414422,0
<W_Call_after_offer | 47>,O_SELECTED,<O_SELECTED | 8>,0.05,0.0,1,0.22962503248085644,0.8263354483414422,0
<W_Call_after_offer | 47>,W_Call_after_offer,<O_DECLINED | 12>,0.1506849315068493,0.0,11,0.3266108303282591,0.9996275003205731,1
<W_Call_after_offer | 47>,W_Call_after_offer,<O_DECLINED | 8>,0.0410958904109589,0.0,3,0.3266108303282591,0.9996275003205731,1
<W_Call_after_offer | 47>,W_Call_after_offer,<O_SENT_BACK | 12>,0.3150684931506849,0.0,23,0.3266108303282591,0.9996275003205731,1
<W_Call_after_offer | 47>,W_Call_after_offer,<O_SENT_BACK | 8>,0.0547945205479452,0.0,4,0.3266108303282591,0.9996275003205731,1
<W_Call_after_offer | 47>,W_Call_after_offer,<W_Call_after_offer | 12>,0.3972602739726027,0.0,29,0.3266108303282591,0.9996275003205731,1
<W_Call_after_offer | 47>,W_Call_after_offer,<W_Call_after_offer | 47>,0.0273972602739726,0.0,2,0.3266108303282591,0.9996275003205731,1
<W_Call_after_offer | 47>,W_Call_after_offer,<W_Call_after_offer | 8>,0.0136986301369863,0.0,1,0.3266108303282591,0.9996275003205731,1
<W_Call_after_offer | 48>,O_CANCELLED,<O_ACCEPTED | 48>,0.1666666666666666,0.0,1,0.030234506999658108,0.3389813455441767,0
<W_Call_after_offer | 48>,O_CANCELLED,<O_ACCEPTED | 88>,0.1666666666666666,0.0,1,0.030234506999658108,0.3389813455441767,0
<W_Call_after_offer | 48>,O_CANCELLED,<O_CANCELLED | 48>,0.5,0.0,3,0.030234506999658108,0.3389813455441767,0
<W_Call_after_offer | 48>,O_CANCELLED,<O_CANCELLED | 88>,0.1666666666666666,0.0,1,0.030234506999658108,0.3389813455441767,0
<W_Call_after_offer | 48>,O_SELECTED,<O_SELECTED | 48>,0.8666666666666667,0.0,13,0.02586459361610209,0.7075961192380658,0
<W_Call_after_offer | 48>,O_SELECTED,<O_SELECTED | 83>,0.0666666666666666,0.0,1,0.02586459361610209,0.7075961192380658,0
<W_Call_after_offer | 48>,O_SELECTED,<O_SELECTED | 88>,0.0666666666666666,0.0,1,0.02586459361610209,0.7075961192380658,0
<W_Call_after_offer | 48>,W_Call_after_offer,<O_ACCEPTED | 48>,0.0416666666666666,0.0,1,0.03808942653385683,0.887868289117024,1
<W_Call_after_offer | 48>,W_Call_after_offer,<W_Call_after_offer | 48>,0.7916666666666666,0.0,19,0.03808942653385683,0.887868289117024,1
<W_Call_after_offer | 48>,W_Call_after_offer,<W_Call_after_offer | 83>,0.125,0.0,3,0.03808942653385683,0.887868289117024,1
<W_Call_after_offer | 48>,W_Call_after_offer,<W_Call_after_offer | 88>,0.0416666666666666,0.0,1,0.03808942653385683,0.887868289117024,1
<W_Call_after_offer | 49>,END,<END | 49>,1.0,0.0877664385569532,1,0.005156785202284054,0.05875577597851056,0
<W_Call_after_offer | 49>,O_CANCELLED,<O_ACCEPTED | 96>,0.25,0.0,2,0.06239886361417882,0.43867447545174043,0
<W_Call_after_offer | 49>,O_CANCELLED,<O_CANCELLED | 16>,0.125,0.0,1,0.06239886361417882,0.43867447545174043,0
<W_Call_after_offer | 49>,O_CANCELLED,<O_CANCELLED | 49>,0.625,0.0,5,0.06239886361417882,0.43867447545174043,0
<W_Call_after_offer | 49>,O_SELECTED,<O_SELECTED | 16>,0.064516129032258,0.0,2,0.10797679434624265,0.9491891496740512,0
<W_Call_after_offer | 49>,O_SELECTED,<O_SELECTED | 31>,0.032258064516129,0.0,1,0.10797679434624265,0.9491891496740512,0
<W_Call_after_offer | 49>,O_SELECTED,<O_SELECTED | 49>,0.9032258064516128,0.0,28,0.10797679434624265,0.9491891496740512,0
<W_Call_after_offer | 49>,W_Call_after_offer,<O_ACCEPTED | 16>,0.0384615384615384,0.0,1,0.12428585327591427,0.9103238769979454,1
<W_Call_after_offer | 49>,W_Call_after_offer,<O_ACCEPTED | 49>,0.0769230769230769,0.0,2,0.12428585327591427,0.9103238769979454,1
<W_Call_after_offer | 49>,W_Call_after_offer,<W_Call_after_offer | 49>,0.8846153846153846,0.0,23,0.12428585327591427,0.9103238769979454,1
<W_Call_after_offer | 4>,O_CANCELLED,<O_CANCELLED | 4>,0.5,0.0,3,0.0015388682865146628,0.3389813455441767,0
<W_Call_after_offer | 4>,O_CANCELLED,<O_DECLINED | 4>,0.1666666666666666,0.0,1,0.0015388682865146628,0.3389813455441767,0
<W_Call_after_offer | 4>,O_CANCELLED,<O_DECLINED | 99>,0.3333333333333333,0.0,2,0.0015388682865146628,0.3389813455441767,0
<W_Call_after_offer | 4>,O_SELECTED,<O_SELECTED | 34>,0.0476190476190476,0.0,1,0.04128456617687285,0.8441081041207334,1
<W_Call_after_offer | 4>,O_SELECTED,<O_SELECTED | 4>,0.9523809523809524,0.0,20,0.04128456617687285,0.8441081041207334,1
<W_Call_after_offer | 4>,W_Call_after_offer,<W_Call_after_offer | 4>,0.9583333333333334,0.0,23,0.03671400711343634,0.887868289117024,0
<W_Call_after_offer | 4>,W_Call_after_offer,<W_Call_after_offer | 99>,0.0416666666666666,0.0,1,0.03671400711343634,0.887868289117024,0
<W_Call_after_offer | 51>,END,<END | 51>,1.0,0.0879767738218834,1,0.005169143613990674,0.05875577597851056,0
<W_Call_after_offer | 51>,O_CANCELLED,<O_ACCEPTED | 45>,0.1666666666666666,0.0,1,0.06410529370868992,0.3389813455441767,0
<W_Call_after_offer | 51>,O_CANCELLED,<O_ACCEPTED | 63>,0.1666666666666666,0.0,1,0.06410529370868992,0.3389813455441767,0
<W_Call_after_offer | 51>,O_CANCELLED,<O_CANCELLED | 51>,0.6666666666666666,0.0,4,0.06410529370868992,0.3389813455441767,0
<W_Call_after_offer | 51>,O_SELECTED,<O_SELECTED | 51>,1.0,0.0,30,0.24478865259297977,0.9430262744001328,1
<W_Call_after_offer | 51>,W_Call_after_offer,<O_ACCEPTED | 51>,0.1,0.0,2,0.22038477207422646,0.8263354483414422,0
<W_Call_after_offer | 51>,W_Call_after_offer,<O_SENT_BACK | 51>,0.05,0.0,1,0.22038477207422646,0.8263354483414422,0
<W_Call_after_offer | 51>,W_Call_after_offer,<W_Call_after_offer | 51>,0.8,0.0,16,0.22038477207422646,0.8263354483414422,0
<W_Call_after_offer | 51>,W_Call_after_offer,<W_Call_after_offer | 9>,0.05,0.0,1,0.22038477207422646,0.8263354483414422,0
<W_Call_after_offer | 52>,O_CANCELLED,<O_CANCELLED | 52>,1.0,0.0,3,0.0007213525692761964,0.1746612487639817,1
<W_Call_after_offer | 52>,O_SELECTED,<O_SELECTED | 52>,1.0,0.0,5,4.9632323307694454e-05,0.2859202757201663,0
<W_Call_after_offer | 52>,W_Call_after_offer,<W_Call_after_offer | 52>,1.0,0.0,13,0.00046443596765740925,0.6438404641352936,0
<W_Call_after_offer | 58>,END,<END | 58>,1.0,0.0877532509319147,1,0.005156010353141604,0.05875577597851056,0
<W_Call_after_offer | 58>,O_CANCELLED,<O_ACCEPTED | 62>,0.1428571428571428,0.0,1,0.04116279126034651,0.38997004447044614,0
<W_Call_after_offer | 58>,O_CANCELLED,<O_ACCEPTED | 96>,0.1428571428571428,0.0,1,0.04116279126034651,0.38997004447044614,0
<W_Call_after_offer | 58>,O_CANCELLED,<O_CANCELLED | 58>,0.5714285714285714,0.0,4,0.04116279126034651,0.38997004447044614,0
<W_Call_after_offer | 58>,O_CANCELLED,<O_DECLINED | 21>,0.1428571428571428,0.0,1,0.04116279126034651,0.38997004447044614,0
<W_Call_after_offer | 58>,O_SELECTED,<O_SELECTED | 31>,0.064516129032258,0.0,2,0.12029768924157447,0.9491891496740512,0
<W_Call_after_offer | 58>,O_SELECTED,<O_SELECTED | 49>,0.032258064516129,0.0,1,0.12029768924157447,0.9491891496740512,0
<W_Call_after_offer | 58>,O_SELECTED,<O_SELECTED | 58>,0.9032258064516128,0.0,28,0.12029768924157447,0.9491891496740512,0
<W_Call_after_offer | 58>,W_Call_after_offer,<O_ACCEPTED | 31>,0.0344827586206896,0.0,1,0.15834552163504761,0.9361403903299841,1
<W_Call_after_offer | 58>,W_Call_after_offer,<O_ACCEPTED | 58>,0.1379310344827586,0.0,4,0.15834552163504761,0.9361403903299841,1
<W_Call_after_offer | 58>,W_Call_after_offer,<W_Call_after_offer | 31>,0.0689655172413793,0.0,2,0.15834552163504761,0.9361403903299841,1
<W_Call_after_offer | 58>,W_Call_after_offer,<W_Call_after_offer | 58>,0.7586206896551724,0.0,22,0.15834552163504761,0.9361403903299841,1
<W_Call_after_offer | 5>,O_CANCELLED,<O_ACCEPTED | 63>,0.1666666666666666,0.0,1,0.03892994954489243,0.3389813455441767,0
<W_Call_after_offer | 5>,O_CANCELLED,<O_CANCELLED | 42>,0.1666666666666666,0.0,1,0.03892994954489243,0.3389813455441767,0
<W_Call_after_offer | 5>,O_CANCELLED,<O_CANCELLED | 5>,0.1666666666666666,0.0,1,0.03892994954489243,0.3389813455441767,0
<W_Call_after_offer | 5>,O_CANCELLED,<O_CANCELLED | 84>,0.5,0.0,3,0.03892994954489243,0.3389813455441767,0
<W_Call_after_offer | 5>,O_SELECTED,<O_SELECTED | 42>,0.1666666666666666,0.0,1,0.08767007360020376,0.3389813455441767,0
<W_Call_after_offer | 5>,O_SELECTED,<O_SELECTED | 51>,0.3333333333333333,0.0,2,0.08767007360020376,0.3389813455441767,0
<W_Call_after_offer | 5>,O_SELECTED,<O_SELECTED | 5>,0.5,0.0,3,0.08767007360020376,0.3389813455441767,0
<W_Call_after_offer | 5>,W_Call_after_offer,<O_ACCEPTED | 42>,0.0769230769230769,0.0,2,0.26988705391000123,0.9103238769979454,1
<W_Call_after_offer | 5>,W_Call_after_offer,<O_ACCEPTED | 51>,0.0769230769230769,0.0,2,0.26988705391000123,0.9103238769979454,1
<W_Call_after_offer | 5>,W_Call_after_offer,<O_ACCEPTED | 84>,0.0384615384615384,0.0,1,0.26988705391000123,0.9103238769979454,1
<W_Call_after_offer | 5>,W_Call_after_offer,<O_SENT_BACK | 51>,0.0769230769230769,0.0,2,0.26988705391000123,0.9103238769979454,1
<W_Call_after_offer | 5>,W_Call_after_offer,<W_Call_after_offer | 42>,0.3461538461538461,0.0,9,0.26988705391000123,0.9103238769979454,1
<W_Call_after_offer | 5>,W_Call_after_offer,<W_Call_after_offer | 51>,0.1153846153846153,0.0,3,0.26988705391000123,0.9103238769979454,1
<W_Call_after_offer | 5>,W_Call_after_offer,<W_Call_after_offer | 5>,0.0384615384615384,0.0,1,0.26988705391000123,0.9103238769979454,1
<W_Call_after_offer | 5>,W_Call_after_offer,<W_Call_after_offer | 73>,0.0384615384615384,0.0,1,0.26988705391000123,0.9103238769979454,1
<W_Call_after_offer | 5>,W_Call_after_offer,<W_Call_after_offer | 84>,0.1923076923076923,0.0,5,0.26988705391000123,0.9103238769979454,1
<W_Call_after_offer | 60>,END,<END | 73>,1.0,0.0879872349149547,1,0.005169758263631662,0.05875577597851056,0
<W_Call_after_offer | 60>,O_CANCELLED,<O_ACCEPTED | 63>,0.25,0.0,1,0.03927619158982551,0.23104594868641892,0
<W_Call_after_offer | 60>,O_CANCELLED,<O_CANCELLED | 73>,0.75,0.0,3,0.03927619158982551,0.23104594868641892,0
<W_Call_after_offer | 60>,O_SELECTED,<O_SELECTED | 60>,0.2075471698113207,0.0,11,0.2932724966875182,0.9960895548938856,1
<W_Call_after_offer | 60>,O_SELECTED,<O_SELECTED | 73>,0.7924528301886793,0.0,42,0.2932724966875182,0.9960895548938856,1
<W_Call_after_offer | 60>,W_Call_after_offer,<O_ACCEPTED | 73>,0.0129870129870129,0.0,1,0.2752742071607748,0.9997673074961274,0
<W_Call_after_offer | 60>,W_Call_after_offer,<O_DECLINED | 73>,0.0129870129870129,0.0,1,0.2752742071607748,0.9997673074961274,0
<W_Call_after_offer | 60>,W_Call_after_offer,<O_SENT_BACK | 73>,0.1818181818181818,0.0,14,0.2752742071607748,0.9997673074961274,0
<W_Call_after_offer | 60>,W_Call_after_offer,<W_Call_after_offer | 60>,0.0649350649350649,0.0,5,0.2752742071607748,0.9997673074961274,0
<W_Call_after_offer | 60>,W_Call_after_offer,<W_Call_after_offer | 63>,0.0129870129870129,0.0,1,0.2752742071607748,0.9997673074961274,0
<W_Call_after_offer | 60>,W_Call_after_offer,<W_Call_after_offer | 73>,0.7142857142857143,0.0,55,0.2752742071607748,0.9997673074961274,0
<W_Call_after_offer | 62>,O_CANCELLED,<O_ACCEPTED | 62>,0.1428571428571428,0.0,1,0.02437863129229533,0.38997004447044614,0
<W_Call_after_offer | 62>,O_CANCELLED,<O_ACCEPTED | 99>,0.1428571428571428,0.0,1,0.02437863129229533,0.38997004447044614,0
<W_Call_after_offer | 62>,O_CANCELLED,<O_CANCELLED | 62>,0.5714285714285714,0.0,4,0.02437863129229533,0.38997004447044614,0
<W_Call_after_offer | 62>,O_CANCELLED,<O_CANCELLED | 99>,0.1428571428571428,0.0,1,0.02437863129229533,0.38997004447044614,0
<W_Call_after_offer | 62>,O_SELECTED,<O_SELECTED | 4>,0.0714285714285714,0.0,1,0.033889341279318905,0.6769862914070309,0
<W_Call_after_offer | 62>,O_SELECTED,<O_SELECTED | 62>,0.8571428571428571,0.0,12,0.033889341279318905,0.6769862914070309,0
<W_Call_after_offer | 62>,O_SELECTED,<O_SELECTED | 99>,0.0714285714285714,0.0,1,0.033889341279318905,0.6769862914070309,0
<W_Call_after_offer | 62>,W_Call_after_offer,<O_ACCEPTED | 62>,0.0434782608695652,0.0,1,0.06759649483565675,0.8747457142200448,1
<W_Call_after_offer | 62>,W_Call_after_offer,<O_ACCEPTED | 99>,0.0434782608695652,0.0,1,0.06759649483565675,0.8747457142200448,1
<W_Call_after_offer | 62>,W_Call_after_offer,<W_Call_after_offer | 62>,0.8695652173913043,0.0,20,0.06759649483565675,0.8747457142200448,1
<W_Call_after_offer | 62>,W_Call_after_offer,<W_Call_after_offer | 99>,0.0434782608695652,0.0,1,0.06759649483565675,0.8747457142200448,1
<W_Call_after_offer | 63>,O_CANCELLED,<O_CANCELLED | 45>,1.0,0.0,1,0.003301476462315574,0.05875577597851056,0
<W_Call_after_offer | 63>,O_SELECTED,<O_SELECTED | 45>,0.2,0.0,1,0.04715507169026485,0.2859202757201663,0
<W_Call_after_offer | 63>,O_SELECTED,<O_SELECTED | 63>,0.8,0.0,4,0.04715507169026485,0.2859202757201663,0
<W_Call_after_offer | 63>,W_Call_after_offer,<O_ACCEPTED | 45>,0.0588235294117647,0.0,1,0.14350340433272207,0.7615941559557649,1
<W_Call_after_offer | 63>,W_Call_after_offer,<O_SENT_BACK | 1>,0.0588235294117647,0.0,1,0.14350340433272207,0.7615941559557649,1
<W_Call_after_offer | 63>,W_Call_after_offer,<O_SENT_BACK | 63>,0.0588235294117647,0.0,1,0.14350340433272207,0.7615941559557649,1
<W_Call_after_offer | 63>,W_Call_after_offer,<W_Call_after_offer | 1>,0.1176470588235294,0.0,2,0.14350340433272207,0.7615941559557649,1
<W_Call_after_offer | 63>,W_Call_after_offer,<W_Call_after_offer | 45>,0.3529411764705882,0.0,6,0.14350340433272207,0.7615941559557649,1
<W_Call_after_offer | 63>,W_Call_after_offer,<W_Call_after_offer | 63>,0.3529411764705882,0.0,6,0.14350340433272207,0.7615941559557649,1
<W_Call_after_offer | 64>,O_CANCELLED,<O_CANCELLED | 64>,1.0,0.0,6,0.009119974056728077,0.3389813455441767,0
<W_Call_after_offer | 64>,O_SELECTED,<O_SELECTED | 62>,0.0714285714285714,0.0,1,0.04771749046839431,0.6769862914070309,0
<W_Call_after_offer | 64>,O_SELECTED,<O_SELECTED | 64>,0.9285714285714286,0.0,13,0.04771749046839431,0.6769862914070309,0
<W_Call_after_offer | 64>,W_Call_after_offer,<O_ACCEPTED | 64>,0.1764705882352941,0.0,3,0.07522173193940673,0.7615941559557649,1
<W_Call_after_offer | 64>,W_Call_after_offer,<W_Call_after_offer | 62>,0.1176470588235294,0.0,2,0.07522173193940673,0.7615941559557649,1
<W_Call_after_offer | 64>,W_Call_after_offer,<W_Call_after_offer | 64>,0.7058823529411765,0.0,12,0.07522173193940673,0.7615941559557649,1
<W_Call_after_offer | 66>,O_CANCELLED,<O_ACCEPTED | 66>,0.3333333333333333,0.0,1,0.04982785617586995,0.1746612487639817,0
<W_Call_after_offer | 66>,O_CANCELLED,<O_ACCEPTED | 96>,0.3333333333333333,0.0,1,0.04982785617586995,0.1746612487639817,0
<W_Call_after_offer | 66>,O_CANCELLED,<O_CANCELLED | 66>,0.3333333333333333,0.0,1,0.04982785617586995,0.1746612487639817,0
<W_Call_after_offer | 66>,O_SELECTED,<O_SELECTED | 64>,0.04,0.0,1,0.12803952616394032,0.8996896062623846,1
<W_Call_after_offer | 66>,O_SELECTED,<O_SELECTED | 66>,0.76,0.0,19,0.12803952616394032,0.8996896062623846,1
<W_Call_after_offer | 66>,O_SELECTED,<O_SELECTED | 96>,0.2,0.0,5,0.12803952616394032,0.8996896062623846,1
<W_Call_after_offer | 66>,W_Call_after_offer,<O_ACCEPTED | 96>,0.1428571428571428,0.0,2,0.11755764360523578,0.6769862914070309,0
<W_Call_after_offer | 66>,W_Call_after_offer,<W_Call_after_offer | 66>,0.6428571428571429,0.0,9,0.11755764360523578,0.6769862914070309,0
<W_Call_after_offer | 66>,W_Call_after_offer,<W_Call_after_offer | 96>,0.2142857142857142,0.0,3,0.11755764360523578,0.6769862914070309,0
<W_Call_after_offer | 70>,O_CANCELLED,<O_ACCEPTED | 1>,0.3333333333333333,0.0,2,0.04295006164604341,0.3389813455441767,0
<W_Call_after_offer | 70>,O_CANCELLED,<O_CANCELLED | 70>,0.6666666666666666,0.0,4,0.04295006164604341,0.3389813455441767,0
<W_Call_after_offer | 70>,O_SELECTED,<O_SELECTED | 58>,0.1578947368421052,0.0,6,0.20380448707817234,0.9773776447275518,0
<W_Call_after_offer | 70>,O_SELECTED,<O_SELECTED | 70>,0.8157894736842105,0.0,31,0.20380448707817234,0.9773776447275518,0
<W_Call_after_offer | 70>,O_SELECTED,<O_SELECTED | 9>,0.0263157894736842,0.0,1,0.20380448707817234,0.9773776447275518,0
<W_Call_after_offer | 70>,W_Call_after_offer,<O_ACCEPTED | 70>,0.0888888888888888,0.0,4,0.29461754404512536,0.9900080843290755,1
<W_Call_after_offer | 70>,W_Call_after_offer,<O_ACCEPTED | 9>,0.0222222222222222,0.0,1,0.29461754404512536,0.9900080843290755,1
<W_Call_after_offer | 70>,W_Call_after_offer,<W_Call_after_offer | 58>,0.0666666666666666,0.0,3,0.29461754404512536,0.9900080843290755,1
<W_Call_after_offer | 70>,W_Call_after_offer,<W_Call_after_offer | 70>,0.8,0.0,36,0.29461754404512536,0.9900080843290755,1
<W_Call_after_offer | 70>,W_Call_after_offer,<W_Call_after_offer | 9>,0.0222222222222222,0.0,1,0.29461754404512536,0.9900080843290755,1
<W_Call_after_offer | 71>,O_CANCELLED,<O_ACCEPTED | 88>,0.3333333333333333,0.0,1,0.01493258567338978,0.1746612487639817,0
<W_Call_after_offer | 71>,O_CANCELLED,<O_CANCELLED | 71>,0.6666666666666666,0.0,2,0.01493258567338978,0.1746612487639817,0
<W_Call_after_offer | 71>,O_SELECTED,<O_SELECTED | 71>,1.0,0.0,15,0.018011062623275002,0.7075961192380658,0
<W_Call_after_offer | 71>,W_Call_after_offer,<O_ACCEPTED | 71>,0.0952380952380952,0.0,2,0.0336110833990161,0.8441081041207334,1
<W_Call_after_offer | 71>,W_Call_after_offer,<O_DECLINED | 16>,0.0476190476190476,0.0,1,0.0336110833990161,0.8441081041207334,1
<W_Call_after_offer | 71>,W_Call_after_offer,<W_Call_after_offer | 16>,0.0476190476190476,0.0,1,0.0336110833990161,0.8441081041207334,1
<W_Call_after_offer | 71>,W_Call_after_offer,<W_Call_after_offer | 71>,0.8095238095238095,0.0,17,0.0336110833990161,0.8441081041207334,1
<W_Call_after_offer | 73>,END,<END | 73>,1.0,0.0879872349149547,1,0.005169758263631662,0.05875577597851056,0
<W_Call_after_offer | 73>,O_CANCELLED,<O_CANCELLED | 51>,0.0588235294117647,0.0,1,0.08519321634835336,0.7615941559557649,0
<W_Call_after_offer | 73>,O_CANCELLED,<O_CANCELLED | 73>,0.8823529411764706,0.0,15,0.08519321634835336,0.7615941559557649,0
<W_Call_after_offer | 73>,O_CANCELLED,<O_DECLINED | 45>,0.0588235294117647,0.0,1,0.08519321634835336,0.7615941559557649,0
<W_Call_after_offer | 73>,O_SELECTED,<O_SELECTED | 42>,0.1029411764705882,0.0,7,0.29305727550540195,0.999329299739067,0
<W_Call_after_offer | 73>,O_SELECTED,<O_SELECTED | 51>,0.1176470588235294,0.0,8,0.29305727550540195,0.999329299739067,0
<W_Call_after_offer | 73>,O_SELECTED,<O_SELECTED | 73>,0.7794117647058824,0.0,53,0.29305727550540195,0.999329299739067,0
<W_Call_after_offer | 73>,W_Call_after_offer,<O_ACCEPTED | 51>,0.0416666666666666,0.0,5,0.30011481815300944,0.9999985215267899,1
<W_Call_after_offer | 73>,W_Call_after_offer,<O_ACCEPTED | 73>,0.0416666666666666,0.0,5,0.30011481815300944,0.9999985215267899,1
<W_Call_after_offer | 73>,W_Call_after_offer,<O_DECLINED | 73>,0.0083333333333333,0.0,1,0.30011481815300944,0.9999985215267899,1
<W_Call_after_offer | 73>,W_Call_after_offer,<O_SENT_BACK | 51>,0.025,0.0,3,0.30011481815300944,0.9999985215267899,1
<W_Call_after_offer | 73>,W_Call_after_offer,<O_SENT_BACK | 73>,0.0916666666666666,0.0,11,0.30011481815300944,0.9999985215267899,1
<W_Call_after_offer | 73>,W_Call_after_offer,<W_Call_after_offer | 42>,0.0666666666666666,0.0,8,0.30011481815300944,0.9999985215267899,1
<W_Call_after_offer | 73>,W_Call_after_offer,<W_Call_after_offer | 51>,0.0583333333333333,0.0,7,0.30011481815300944,0.9999985215267899,1
<W_Call_after_offer | 73>,W_Call_after_offer,<W_Call_after_offer | 73>,0.6666666666666666,0.0,80,0.30011481815300944,0.9999985215267899,1
<W_Call_after_offer | 76>,END,<END | 12>,1.0,0.0880128084726791,1,0.005171260857860289,0.05875577597851056,0
<W_Call_after_offer | 76>,O_CANCELLED,<A_CANCELLED | 12>,0.6666666666666666,0.0,2,0.004929248982614482,0.1746612487639817,0
<W_Call_after_offer | 76>,O_CANCELLED,<O_DECLINED | 12>,0.3333333333333333,0.0,1,0.004929248982614482,0.1746612487639817,0
<W_Call_after_offer | 76>,O_SELECTED,<O_SELECTED | 12>,0.9887640449438202,0.0,88,0.2804060929748639,0.9999432848627922,0
<W_Call_after_offer | 76>,O_SELECTED,<O_SELECTED | 8>,0.0112359550561797,0.0,1,0.2804060929748639,0.9999432848627922,0
<W_Call_after_offer | 76>,W_Call_after_offer,<O_DECLINED | 12>,0.125,0.0,31,0.354839330052204,0.9999999999995736,1
<W_Call_after_offer | 76>,W_Call_after_offer,<O_SENT_BACK | 12>,0.3508064516129032,0.0,87,0.354839330052204,0.9999999999995736,1
<W_Call_after_offer | 76>,W_Call_after_offer,<O_SENT_BACK | 8>,0.0040322580645161,0.0,1,0.354839330052204,0.9999999999995736,1
<W_Call_after_offer | 76>,W_Call_after_offer,<W_Call_after_offer | 12>,0.5201612903225806,0.0,129,0.354839330052204,0.9999999999995736,1
<W_Call_after_offer | 79>,O_SELECTED,<O_SELECTED | 79>,1.0,0.0,3,0.01884919155599804,0.1746612487639817,1
<W_Call_after_offer | 79>,W_Call_after_offer,<O_SENT_BACK | 79>,0.75,0.0,3,0.015688939570294828,0.23104594868641892,0
<W_Call_after_offer | 79>,W_Call_after_offer,<W_Call_after_offer | 79>,0.25,0.0,1,0.015688939570294828,0.23104594868641892,0
<W_Call_after_offer | 82>,O_CANCELLED,<O_CANCELLED | 82>,1.0,0.0,6,0.022524494704227106,0.3389813455441767,0
<W_Call_after_offer | 82>,O_SELECTED,<O_SELECTED | 71>,0.0416666666666666,0.0,1,0.06335214909404117,0.887868289117024,0
<W_Call_after_offer | 82>,O_SELECTED,<O_SELECTED | 82>,0.9583333333333334,0.0,23,0.06335214909404117,0.887868289117024,0
<W_Call_after_offer | 82>,W_Call_after_offer,<O_ACCEPTED | 82>,0.12,0.0,3,0.09211966852542681,0.8996896062623846,1
<W_Call_after_offer | 82>,W_Call_after_offer,<O_DECLINED | 82>,0.04,0.0,1,0.09211966852542681,0.8996896062623846,1
<W_Call_after_offer | 82>,W_Call_after_offer,<W_Call_after_offer | 71>,0.08,0.0,2,0.09211966852542681,0.8996896062623846,1
<W_Call_after_offer | 82>,W_Call_after_offer,<W_Call_after_offer | 82>,0.76,0.0,19,0.09211966852542681,0.8996896062623846,1
<W_Call_after_offer | 83>,O_CANCELLED,<O_CANCELLED | 83>,1.0,0.0,2,0.00027789654775585784,0.11710726941545657,0
<W_Call_after_offer | 83>,O_SELECTED,<O_SELECTED | 83>,1.0,0.0,9,0.00399352986786648,0.4849313121214527,0
<W_Call_after_offer | 83>,W_Call_after_offer,<O_ACCEPTED | 83>,0.1,0.0,1,0.011283215123684132,0.5286252256434942,1
<W_Call_after_offer | 83>,W_Call_after_offer,<W_Call_after_offer | 83>,0.9,0.0,9,0.011283215123684132,0.5286252256434942,1
<W_Call_after_offer | 84>,END,<END | 84>,1.0,0.0879150955365161,1,0.005165519658472893,0.05875577597851056,0
<W_Call_after_offer | 84>,O_CANCELLED,<O_CANCELLED | 70>,0.2,0.0,1,0.01809298303022157,0.2859202757201663,0
<W_Call_after_offer | 84>,O_CANCELLED,<O_CANCELLED | 84>,0.8,0.0,4,0.01809298303022157,0.2859202757201663,0
<W_Call_after_offer | 84>,O_SELECTED,<O_SELECTED | 51>,0.0769230769230769,0.0,1,0.14895539064238764,0.6438404641352936,0
<W_Call_after_offer | 84>,O_SELECTED,<O_SELECTED | 70>,0.3076923076923077,0.0,4,0.14895539064238764,0.6438404641352936,0
<W_Call_after_offer | 84>,O_SELECTED,<O_SELECTED | 84>,0.6153846153846154,0.0,8,0.14895539064238764,0.6438404641352936,0
<W_Call_after_offer | 84>,W_Call_after_offer,<O_ACCEPTED | 51>,0.0416666666666666,0.0,1,0.24661069014705667,0.887868289117024,1
<W_Call_after_offer | 84>,W_Call_after_offer,<O_ACCEPTED | 70>,0.0416666666666666,0.0,1,0.24661069014705667,0.887868289117024,1
<W_Call_after_offer | 84>,W_Call_after_offer,<O_SENT_BACK | 84>,0.0416666666666666,0.0,1,0.24661069014705667,0.887868289117024,1
<W_Call_after_offer | 84>,W_Call_after_offer,<W_Call_after_offer | 51>,0.0416666666666666,0.0,1,0.24661069014705667,0.887868289117024,1
<W_Call_after_offer | 84>,W_Call_after_offer,<W_Call_after_offer | 70>,0.4166666666666667,0.0,10,0.24661069014705667,0.887868289117024,1
<W_Call_after_offer | 84>,W_Call_after_offer,<W_Call_after_offer | 84>,0.4166666666666667,0.0,10,0.24661069014705667,0.887868289117024,1
<W_Call_after_offer | 88>,O_CANCELLED,<O_ACCEPTED | 88>,0.2,0.0,1,0.01625554532774883,0.2859202757201663,0
<W_Call_after_offer | 88>,O_CANCELLED,<O_CANCELLED | 88>,0.8,0.0,4,0.01625554532774883,0.2859202757201663,0
<W_Call_after_offer | 88>,O_SELECTED,<O_SELECTED | 88>,0.9230769230769232,0.0,12,0.019363402265166297,0.6438404641352936,1
<W_Call_after_offer | 88>,O_SELECTED,<O_SELECTED | 94>,0.0769230769230769,0.0,1,0.019363402265166297,0.6438404641352936,1
<W_Call_after_offer | 88>,W_Call_after_offer,<W_Call_after_offer | 34>,0.0833333333333333,0.0,1,0.011720422400375363,0.6080882697586234,0
<W_Call_after_offer | 88>,W_Call_after_offer,<W_Call_after_offer | 88>,0.8333333333333334,0.0,10,0.011720422400375363,0.6080882697586234,0
<W_Call_after_offer | 88>,W_Call_after_offer,<W_Call_after_offer | 94>,0.0833333333333333,0.0,1,0.011720422400375363,0.6080882697586234,0
<W_Call_after_offer | 8>,END,<END | 8>,1.0,0.0879684583394817,1,0.005168655031369526,0.05875577597851056,0
<W_Call_after_offer | 8>,O_CANCELLED,<O_CANCELLED | 8>,0.5,0.0,1,0.004255098304254572,0.11710726941545657,0
<W_Call_after_offer | 8>,O_CANCELLED,<O_DECLINED | 8>,0.5,0.0,1,0.004255098304254572,0.11710726941545657,0
<W_Call_after_offer | 8>,O_SELECTED,<O_SELECTED | 8>,1.0,0.0,16,0.15868431730245228,0.7357623128722589,0
<W_Call_after_offer | 8>,W_Call_after_offer,<O_DECLINED | 8>,0.0823529411764705,0.0,7,0.23161448960844983,0.9999092042625951,1
<W_Call_after_offer | 8>,W_Call_after_offer,<O_SENT_BACK | 8>,0.3294117647058823,0.0,28,0.23161448960844983,0.9999092042625951,1
<W_Call_after_offer | 8>,W_Call_after_offer,<W_Call_after_offer | 8>,0.5882352941176471,0.0,50,0.23161448960844983,0.9999092042625951,1
<W_Call_after_offer | 90>,O_SELECTED,<O_SELECTED | 90>,1.0,0.0,5,1.412954891938049e-06,0.2859202757201663,1
<W_Call_after_offer | 91>,O_CANCELLED,<O_ACCEPTED | 91>,0.125,0.0,1,0.03397656632997963,0.43867447545174043,0
<W_Call_after_offer | 91>,O_CANCELLED,<O_CANCELLED | 48>,0.125,0.0,1,0.03397656632997963,0.43867447545174043,0
<W_Call_after_offer | 91>,O_CANCELLED,<O_CANCELLED | 91>,0.75,0.0,6,0.03397656632997963,0.43867447545174043,0
<W_Call_after_offer | 91>,O_SELECTED,<O_SELECTED | 48>,0.0952380952380952,0.0,2,0.09913835278171734,0.8441081041207334,0
<W_Call_after_offer | 91>,O_SELECTED,<O_SELECTED | 91>,0.9047619047619048,0.0,19,0.09913835278171734,0.8441081041207334,0
<W_Call_after_offer | 91>,W_Call_after_offer,<O_ACCEPTED | 48>,0.0333333333333333,0.0,1,0.13343207750876182,0.9430262744001328,1
<W_Call_after_offer | 91>,W_Call_after_offer,<O_ACCEPTED | 91>,0.0666666666666666,0.0,2,0.13343207750876182,0.9430262744001328,1
<W_Call_after_offer | 91>,W_Call_after_offer,<W_Call_after_offer | 83>,0.0666666666666666,0.0,2,0.13343207750876182,0.9430262744001328,1
<W_Call_after_offer | 91>,W_Call_after_offer,<W_Call_after_offer | 91>,0.8333333333333334,0.0,25,0.13343207750876182,0.9430262744001328,1
<W_Call_after_offer | 92>,O_CANCELLED,<O_CANCELLED | 92>,1.0,0.0,3,0.00037522522358459997,0.1746612487639817,0
<W_Call_after_offer | 92>,O_SELECTED,<O_SELECTED | 28>,0.2222222222222222,0.0,2,0.0046414895783025425,0.4849313121214527,0
<W_Call_after_offer | 92>,O_SELECTED,<O_SELECTED | 92>,0.7777777777777778,0.0,7,0.0046414895783025425,0.4849313121214527,0
<W_Call_after_offer | 92>,W_Call_after_offer,<O_ACCEPTED | 92>,0.25,0.0,2,0.02550159821409094,0.43867447545174043,1
<W_Call_after_offer | 92>,W_Call_after_offer,<W_Call_after_offer | 92>,0.75,0.0,6,0.02550159821409094,0.43867447545174043,1
<W_Call_after_offer | 94>,O_CANCELLED,<O_ACCEPTED | 22>,0.3333333333333333,0.0,1,0.014506943861063935,0.1746612487639817,1
<W_Call_after_offer | 94>,O_CANCELLED,<O_ACCEPTED | 92>,0.3333333333333333,0.0,1,0.014506943861063935,0.1746612487639817,1
<W_Call_after_offer | 94>,O_CANCELLED,<O_CANCELLED | 94>,0.3333333333333333,0.0,1,0.014506943861063935,0.1746612487639817,1
<W_Call_after_offer | 94>,O_SELECTED,<O_SELECTED | 94>,1.0,0.0,8,0.0015225801834465803,0.43867447545174043,0
<W_Call_after_offer | 94>,W_Call_after_offer,<O_ACCEPTED | 94>,0.0714285714285714,0.0,1,0.010256278013256131,0.6769862914070309,0
<W_Call_after_offer | 94>,W_Call_after_offer,<W_Call_after_offer | 94>,0.9285714285714286,0.0,13,0.010256278013256131,0.6769862914070309,0
<W_Call_after_offer | 96>,O_CANCELLED,<O_ACCEPTED | 96>,0.6666666666666666,0.0,2,0.05561501198203406,0.1746612487639817,0
<W_Call_after_offer | 96>,O_CANCELLED,<O_CANCELLED | 96>,0.3333333333333333,0.0,1,0.05561501198203406,0.1746612487639817,0
<W_Call_after_offer | 96>,O_SELECTED,<O_SELECTED | 21>,0.0476190476190476,0.0,1,0.11799911674467647,0.8441081041207334,1
<W_Call_after_offer | 96>,O_SELECTED,<O_SELECTED | 96>,0.9523809523809524,0.0,20,0.11799911674467647,0.8441081041207334,1
<W_Call_after_offer | 96>,W_Call_after_offer,<O_ACCEPTED | 21>,0.0909090909090909,0.0,1,0.07852099517681627,0.569686656367308,0
<W_Call_after_offer | 96>,W_Call_after_offer,<W_Call_after_offer | 21>,0.0909090909090909,0.0,1,0.07852099517681627,0.569686656367308,0
<W_Call_after_offer | 96>,W_Call_after_offer,<W_Call_after_offer | 96>,0.8181818181818182,0.0,9,0.07852099517681627,0.569686656367308,0
<W_Call_after_offer | 98>,O_CANCELLED,<O_CANCELLED | 98>,1.0,0.0,1,3.492487722942968e-07,0.05875577597851056,1
<W_Call_after_offer | 98>,O_SELECTED,<O_SELECTED | 98>,1.0,0.0,4,1.5241282450519326e-09,0.23104594868641892,0
<W_Call_after_offer | 99>,O_CANCELLED,<O_ACCEPTED | 99>,0.3333333333333333,0.0,1,0.012318421671180212,0.1746612487639817,0
<W_Call_after_offer | 99>,O_CANCELLED,<O_CANCELLED | 99>,0.6666666666666666,0.0,2,0.012318421671180212,0.1746612487639817,0
<W_Call_after_offer | 99>,O_SELECTED,<O_SELECTED | 22>,0.0625,0.0,1,0.025584536060033133,0.7357623128722589,0
<W_Call_after_offer | 99>,O_SELECTED,<O_SELECTED | 94>,0.0625,0.0,1,0.025584536060033133,0.7357623128722589,0
<W_Call_after_offer | 99>,O_SELECTED,<O_SELECTED | 99>,0.875,0.0,14,0.025584536060033133,0.7357623128722589,0
<W_Call_after_offer | 99>,W_Call_after_offer,<O_ACCEPTED | 99>,0.0416666666666666,0.0,1,0.04287367986131812,0.887868289117024,1
<W_Call_after_offer | 99>,W_Call_after_offer,<W_Call_after_offer | 94>,0.0416666666666666,0.0,1,0.04287367986131812,0.887868289117024,1
<W_Call_after_offer | 99>,W_Call_after_offer,<W_Call_after_offer | 99>,0.9166666666666666,0.0,22,0.04287367986131812,0.887868289117024,1
<W_Call_after_offer | 9>,END,<END | 9>,1.0,0.0878750259124244,1,0.005163165336616218,0.05875577597851056,0
<W_Call_after_offer | 9>,O_CANCELLED,<O_ACCEPTED | 45>,0.05,0.0,1,0.1584757326843756,0.8263354483414422,0
<W_Call_after_offer | 9>,O_CANCELLED,<O_ACCEPTED | 66>,0.15,0.0,3,0.1584757326843756,0.8263354483414422,0
<W_Call_after_offer | 9>,O_CANCELLED,<O_ACCEPTED | 96>,0.1,0.0,2,0.1584757326843756,0.8263354483414422,0
<W_Call_after_offer | 9>,O_CANCELLED,<O_CANCELLED | 9>,0.65,0.0,13,0.1584757326843756,0.8263354483414422,0
<W_Call_after_offer | 9>,O_CANCELLED,<O_DECLINED | 96>,0.05,0.0,1,0.1584757326843756,0.8263354483414422,0
<W_Call_after_offer | 9>,O_SELECTED,<O_SELECTED | 49>,0.1162790697674418,0.0,5,0.1829574353580292,0.9873741538299682,0
<W_Call_after_offer | 9>,O_SELECTED,<O_SELECTED | 9>,0.8837209302325582,0.0,38,0.1829574353580292,0.9873741538299682,0
<W_Call_after_offer | 9>,W_Call_after_offer,<O_ACCEPTED | 49>,0.0151515151515151,0.0,1,0.20183359502721432,0.9991514512886677,1
<W_Call_after_offer | 9>,W_Call_after_offer,<O_ACCEPTED | 9>,0.0454545454545454,0.0,3,0.20183359502721432,0.9991514512886677,1
<W_Call_after_offer | 9>,W_Call_after_offer,<O_DECLINED | 9>,0.0151515151515151,0.0,1,0.20183359502721432,0.9991514512886677,1
<W_Call_after_offer | 9>,W_Call_after_offer,<W_Call_after_offer | 49>,0.0909090909090909,0.0,6,0.20183359502721432,0.9991514512886677,1
<W_Call_after_offer | 9>,W_Call_after_offer,<W_Call_after_offer | 9>,0.8333333333333334,0.0,55,0.20183359502721432,0.9991514512886677,1
<W_Call_missing_information | 0>,O_CANCELLED,<A_CANCELLED | 0>,0.2608695652173913,0.0,6,0.05077049299772251,0.8747457142200448,0
<W_Call_missing_information | 0>,O_CANCELLED,<O_DECLINED | 0>,0.7391304347826086,0.0,17,0.05077049299772251,0.8747457142200448,0
<W_Call_missing_information | 0>,O_SELECTED,<O_SELECTED | 0>,1.0,0.0,78,0.29022484209707006,0.9997931314203657,0
<W_Call_missing_information | 0>,W_Call_missing_information,<O_ACCEPTED | 0>,0.1290322580645161,0.0,12,0.5279140165641373,0.9999645733785999,1
<W_Call_missing_information | 0>,W_Call_missing_information,<O_ACCEPTED | 93>,0.010752688172043,0.0,1,0.5279140165641373,0.9999645733785999,1
<W_Call_missing_information | 0>,W_Call_missing_information,<O_DECLINED | 0>,0.032258064516129,0.0,3,0.5279140165641373,0.9999645733785999,1
<W_Call_missing_information | 0>,W_Call_missing_information,<W_Call_missing_information | 0>,0.8279569892473119,0.0,77,0.5279140165641373,0.9999645733785999,1
<W_Call_missing_information | 15>,O_CANCELLED,<A_CANCELLED | 0>,0.1304347826086956,0.0,3,0.05316487447172977,0.8747457142200448,0
<W_Call_missing_information | 15>,O_CANCELLED,<O_DECLINED | 0>,0.8695652173913043,0.0,20,0.05316487447172977,0.8747457142200448,0
<W_Call_missing_information | 15>,O_SELECTED,<O_SELECTED | 0>,0.9047619047619048,0.0,114,0.2869196264244543,0.9999992701177346,0
<W_Call_missing_information | 15>,O_SELECTED,<O_SELECTED | 93>,0.0952380952380952,0.0,12,0.2869196264244543,0.9999992701177346,0
<W_Call_missing_information | 15>,W_Call_missing_information,<O_ACCEPTED | 0>,0.1180555555555555,0.0,17,0.5224624956336096,0.9999999121846335,1
<W_Call_missing_information | 15>,W_Call_missing_information,<O_ACCEPTED | 93>,0.0069444444444444,0.0,1,0.5224624956336096,0.9999999121846335,1
<W_Call_missing_information | 15>,W_Call_missing_information,<O_DECLINED | 0>,0.0069444444444444,0.0,1,0.5224624956336096,0.9999999121846335,1
<W_Call_missing_information | 15>,W_Call_missing_information,<W_Call_missing_information | 0>,0.8125,0.0,117,0.5224624956336096,0.9999999121846335,1
<W_Call_missing_information | 15>,W_Call_missing_information,<W_Call_missing_information | 93>,0.0555555555555555,0.0,8,0.5224624956336096,0.9999999121846335,1
<W_Call_missing_information | 19>,O_SELECTED,<O_SELECTED | 63>,1.0,0.0,1,0.009041241105719406,0.05875577597851056,1
<W_Call_missing_information | 19>,W_Call_missing_information,<W_Call_missing_information | 63>,1.0,0.0,1,0.0009098274722541876,0.05875577597851056,0
<W_Call_missing_information | 1>,O_CANCELLED,<O_CANCELLED | 1>,1.0,0.0,2,0.0015164994345945924,0.11710726941545657,0
<W_Call_missing_information | 1>,O_SELECTED,<O_SELECTED | 1>,1.0,0.0,2,0.012949896702766805,0.11710726941545657,0
<W_Call_missing_information | 1>,W_Call_missing_information,<O_ACCEPTED | 1>,1.0,0.0,1,0.018618302727292656,0.05875577597851056,1
<W_Call_missing_information | 24>,O_SELECTED,<O_SELECTED | 84>,1.0,0.0,2,0.0271322515946916,0.11710726941545657,0
<W_Call_missing_information | 24>,W_Call_missing_information,<W_Call_missing_information | 84>,1.0,0.0,4,0.030495416748926363,0.23104594868641892,1
<W_Call_missing_information | 46>,O_CANCELLED,<O_ACCEPTED | 63>,0.2857142857142857,0.0,2,0.046385333033100176,0.38997004447044614,0
<W_Call_missing_information | 46>,O_CANCELLED,<O_CANCELLED | 5>,0.1428571428571428,0.0,1,0.046385333033100176,0.38997004447044614,0
<W_Call_missing_information | 46>,O_CANCELLED,<O_CANCELLED | 60>,0.1428571428571428,0.0,1,0.046385333033100176,0.38997004447044614,0
<W_Call_missing_information | 46>,O_CANCELLED,<O_CANCELLED | 93>,0.2857142857142857,0.0,2,0.046385333033100176,0.38997004447044614,0
<W_Call_missing_information | 46>,O_CANCELLED,<O_DECLINED | 63>,0.1428571428571428,0.0,1,0.046385333033100176,0.38997004447044614,0
<W_Call_missing_information | 46>,O_SELECTED,<O_SELECTED | 5>,0.0909090909090909,0.0,2,0.22030570842180014,0.8602011489370367,0
<W_Call_missing_information | 46>,O_SELECTED,<O_SELECTED | 60>,0.0909090909090909,0.0,2,0.22030570842180014,0.8602011489370367,0
<W_Call_missing_information | 46>,O_SELECTED,<O_SELECTED | 93>,0.8181818181818182,0.0,18,0.22030570842180014,0.8602011489370367,0
<W_Call_missing_information | 46>,W_Call_missing_information,<O_ACCEPTED | 5>,0.037037037037037,0.0,1,0.24555897842879082,0.9198783184115151,1
<W_Call_missing_information | 46>,W_Call_missing_information,<O_ACCEPTED | 60>,0.037037037037037,0.0,1,0.24555897842879082,0.9198783184115151,1
<W_Call_missing_information | 46>,W_Call_missing_information,<O_ACCEPTED | 93>,0.1111111111111111,0.0,3,0.24555897842879082,0.9198783184115151,1
<W_Call_missing_information | 46>,W_Call_missing_information,<O_DECLINED | 93>,0.037037037037037,0.0,1,0.24555897842879082,0.9198783184115151,1
<W_Call_missing_information | 46>,W_Call_missing_information,<W_Call_missing_information | 5>,0.1111111111111111,0.0,3,0.24555897842879082,0.9198783184115151,1
<W_Call_missing_information | 46>,W_Call_missing_information,<W_Call_missing_information | 93>,0.6666666666666666,0.0,18,0.24555897842879082,0.9198783184115151,1
<W_Call_missing_information | 5>,O_CANCELLED,<O_ACCEPTED | 63>,0.3,0.0,3,0.08497515957827353,0.5286252256434942,0
<W_Call_missing_information | 5>,O_CANCELLED,<O_CANCELLED | 5>,0.7,0.0,7,0.08497515957827353,0.5286252256434942,0
<W_Call_missing_information | 5>,O_SELECTED,<O_SELECTED | 5>,0.8709677419354839,0.0,27,0.23743531156912895,0.9491891496740512,1
<W_Call_missing_information | 5>,O_SELECTED,<O_SELECTED | 84>,0.1290322580645161,0.0,4,0.23743531156912895,0.9491891496740512,1
<W_Call_missing_information | 5>,W_Call_missing_information,<W_Call_missing_information | 5>,0.8666666666666667,0.0,13,0.15805882818927594,0.7075961192380658,0
<W_Call_missing_information | 5>,W_Call_missing_information,<W_Call_missing_information | 84>,0.1333333333333333,0.0,2,0.15805882818927594,0.7075961192380658,0
<W_Call_missing_information | 60>,W_Call_missing_information,<W_Call_missing_information | 5>,1.0,0.0,1,0.013950602108646005,0.05875577597851056,1
<W_Call_missing_information | 63>,O_SELECTED,<O_SELECTED | 1>,0.5,0.0,1,0.015485084294484797,0.11710726941545657,1
<W_Call_missing_information | 63>,O_SELECTED,<O_SELECTED | 63>,0.5,0.0,1,0.015485084294484797,0.11710726941545657,1
<W_Call_missing_information | 63>,W_Call_missing_information,<W_Call_missing_information | 1>,1.0,0.0,1,0.0010939328241448996,0.05875577597851056,0
<W_Call_missing_information | 64>,O_SELECTED,<O_SELECTED | 64>,1.0,0.0,1,0.004229251414731712,0.05875577597851056,1
<W_Call_missing_information | 70>,W_Call_missing_information,<O_ACCEPTED | 70>,1.0,0.0,1,0.02513139525888932,0.05875577597851056,1
<W_Call_missing_information | 79>,O_CANCELLED,<O_ACCEPTED | 63>,0.3333333333333333,0.0,1,0.021029197727818992,0.1746612487639817,0
<W_Call_missing_information | 79>,O_CANCELLED,<O_CANCELLED | 93>,0.3333333333333333,0.0,1,0.021029197727818992,0.1746612487639817,0
<W_Call_missing_information | 79>,O_CANCELLED,<O_DECLINED | 63>,0.3333333333333333,0.0,1,0.021029197727818992,0.1746612487639817,0
<W_Call_missing_information | 79>,O_SELECTED,<O_SELECTED | 5>,0.238095238095238,0.0,5,0.21292021112411072,0.8441081041207334,0
<W_Call_missing_information | 79>,O_SELECTED,<O_SELECTED | 84>,0.0952380952380952,0.0,2,0.21292021112411072,0.8441081041207334,0
<W_Call_missing_information | 79>,O_SELECTED,<O_SELECTED | 93>,0.6666666666666666,0.0,14,0.21292021112411072,0.8441081041207334,0
<W_Call_missing_information | 79>,W_Call_missing_information,<O_ACCEPTED | 5>,0.0476190476190476,0.0,1,0.23793039315673314,0.8441081041207334,1
<W_Call_missing_information | 79>,W_Call_missing_information,<O_ACCEPTED | 93>,0.1904761904761904,0.0,4,0.23793039315673314,0.8441081041207334,1
<W_Call_missing_information | 79>,W_Call_missing_information,<O_DECLINED | 93>,0.0476190476190476,0.0,1,0.23793039315673314,0.8441081041207334,1
<W_Call_missing_information | 79>,W_Call_missing_information,<W_Call_missing_information | 5>,0.238095238095238,0.0,5,0.23793039315673314,0.8441081041207334,1
<W_Call_missing_information | 79>,W_Call_missing_information,<W_Call_missing_information | 84>,0.0476190476190476,0.0,1,0.23793039315673314,0.8441081041207334,1
<W_Call_missing_information | 79>,W_Call_missing_information,<W_Call_missing_information | 93>,0.4285714285714285,0.0,9,0.23793039315673314,0.8441081041207334,1
<W_Call_missing_information | 82>,W_Call_missing_information,<W_Call_missing_information | 70>,1.0,0.0,1,0.0014766146298587034,0.05875577597851056,1
<W_Call_missing_information | 84>,O_CANCELLED,<O_CANCELLED | 84>,1.0,0.0,5,0.020356249494633657,0.2859202757201663,0
<W_Call_missing_information | 84>,O_SELECTED,<O_SELECTED | 84>,1.0,0.0,11,0.13198908802032336,0.569686656367308,1
<W_Call_missing_information | 84>,W_Call_missing_information,<O_ACCEPTED | 84>,0.0625,0.0,1,0.10593045348968673,0.7357623128722589,0
<W_Call_missing_information | 84>,W_Call_missing_information,<O_DECLINED | 84>,0.0625,0.0,1,0.10593045348968673,0.7357623128722589,0
<W_Call_missing_information | 84>,W_Call_missing_information,<W_Call_missing_information | 84>,0.875,0.0,14,0.10593045348968673,0.7357623128722589,0
<W_Call_missing_information | 93>,O_CANCELLED,<O_ACCEPTED | 63>,0.3333333333333333,0.0,1,0.021489611742513893,0.1746612487639817,0
<W_Call_missing_information | 93>,O_CANCELLED,<O_CANCELLED | 93>,0.3333333333333333,0.0,1,0.021489611742513893,0.1746612487639817,0
<W_Call_missing_information | 93>,O_CANCELLED,<O_DECLINED | 93>,0.3333333333333333,0.0,1,0.021489611742513893,0.1746612487639817,0
<W_Call_missing_information | 93>,O_SELECTED,<O_SELECTED | 93>,1.0,0.0,30,0.24042624006771132,0.9430262744001328,1
<W_Call_missing_information | 93>,W_Call_missing_information,<O_ACCEPTED | 93>,0.08,0.0,2,0.23645322424311924,0.8996896062623846,0
<W_Call_missing_information | 93>,W_Call_missing_information,<W_Call_missing_information | 93>,0.92,0.0,23,0.23645322424311924,0.8996896062623846,0
<W_Complete_preaccepted_appl | 37>,A_ACCEPTED,<A_ACCEPTED | 37>,1.0,0.0,315,0.36459564324739957,0.9999999999999999,1
<W_Complete_preaccepted_appl | 37>,W_Complete_preaccepted_appl,<A_CANCELLED | 37>,0.0648464163822525,0.0,19,0.3057597060747727,0.9999999999999979,0
<W_Complete_preaccepted_appl | 37>,W_Complete_preaccepted_appl,<O_DECLINED | 37>,0.1467576791808873,0.0,43,0.3057597060747727,0.9999999999999979,0
<W_Complete_preaccepted_appl | 37>,W_Complete_preaccepted_appl,<W_Complete_preaccepted_appl | 37>,0.78839590443686,0.0,231,0.3057597060747727,0.9999999999999979,0
<W_Complete_preaccepted_appl | 87>,A_ACCEPTED,<A_ACCEPTED | 37>,1.0,0.0,372,0.3645956432473996,1.0,1
<W_Complete_preaccepted_appl | 87>,W_Complete_preaccepted_appl,<A_CANCELLED | 37>,0.0554016620498614,0.0,20,0.30991010207738906,1.0,0
<W_Complete_preaccepted_appl | 87>,W_Complete_preaccepted_appl,<O_DECLINED | 37>,0.1412742382271468,0.0,51,0.30991010207738906,1.0,0
<W_Complete_preaccepted_appl | 87>,W_Complete_preaccepted_appl,<W_Complete_preaccepted_appl | 37>,0.8033240997229917,0.0,290,0.30991010207738906,1.0,0
<W_Complete_preaccepted_appl | 95>,A_ACCEPTED,<A_ACCEPTED | 37>,0.85,0.0,119,0.35606996728040063,0.9999998594132534,1
<W_Complete_preaccepted_appl | 95>,A_ACCEPTED,<A_ACCEPTED | 95>,0.15,0.0,21,0.35606996728040063,0.9999998594132534,1
<W_Complete_preaccepted_appl | 95>,W_Complete_preaccepted_appl,<A_CANCELLED | 37>,0.048,0.0,6,0.31241098116139354,0.9999991789941343,0
<W_Complete_preaccepted_appl | 95>,W_Complete_preaccepted_appl,<O_DECLINED | 37>,0.136,0.0,17,0.31241098116139354,0.9999991789941343,0
<W_Complete_preaccepted_appl | 95>,W_Complete_preaccepted_appl,<W_Complete_preaccepted_appl | 37>,0.696,0.0,87,0.31241098116139354,0.9999991789941343,0
<W_Complete_preaccepted_appl | 95>,W_Complete_preaccepted_appl,<W_Complete_preaccepted_appl | 95>,0.12,0.0,15,0.31241098116139354,0.9999991789941343,0
<W_Fix_incomplete_submission | 13>,A_DECLINED,<A_DECLINED | 13>,0.8079470198675497,0.0,122,0.08629371902628694,0.9999999614595971,0
<W_Fix_incomplete_submission | 13>,A_DECLINED,<A_DECLINED | 95>,0.1920529801324503,0.0,29,0.08629371902628694,0.9999999614595971,0
<W_Fix_incomplete_submission | 13>,A_PREACCEPTED,<A_PREACCEPTED | 13>,0.8484848484848485,0.0,252,0.31043501649411365,0.9999999999999987,1
<W_Fix_incomplete_submission | 13>,A_PREACCEPTED,<A_PREACCEPTED | 95>,0.1515151515151515,0.0,45,0.31043501649411365,0.9999999999999987,1
<W_Fix_incomplete_submission | 13>,W_Fix_incomplete_submission,<A_CANCELLED | 95>,0.0825688073394495,0.0,9,0.269500348843892,0.9999946068715705,0
<W_Fix_incomplete_submission | 13>,W_Fix_incomplete_submission,<W_Fix_incomplete_submission | 13>,0.8073394495412844,0.0,88,0.269500348843892,0.9999946068715705,0
<W_Fix_incomplete_submission | 13>,W_Fix_incomplete_submission,<W_Fix_incomplete_submission | 95>,0.110091743119266,0.0,12,0.269500348843892,0.9999946068715705,0
<W_Fix_incomplete_submission | 95>,A_DECLINED,<A_DECLINED | 95>,1.0,0.0,4,0.01935261700397889,0.23104594868641892,0
<W_Fix_incomplete_submission | 95>,A_PREACCEPTED,<A_PREACCEPTED | 95>,1.0,0.0,8,0.12717981983743964,0.43867447545174043,1
<W_Fix_incomplete_submission | 95>,W_Fix_incomplete_submission,<W_Fix_incomplete_submission | 95>,1.0,0.0,2,0.014893388601897177,0.11710726941545657,0
