s,a,s',p_r,reward,number_occurrences
<>,START,<START>,1.0,0.0,2000
<A_ACCEPTED | 37>,A_FINALIZED,<A_FINALIZED | 2>,1.0,0.0,806
<A_ACCEPTED | 95>,A_FINALIZED,<A_FINALIZED | 2>,1.0,0.0,21
<A_ACTIVATED | 10>,END,<END | 18>,0.25688073394495414,0.9231624400487739,28
<A_ACTIVATED | 10>,END,<END | 36>,0.3119266055045872,0.42589100803314706,34
<A_ACTIVATED | 10>,END,<END | 41>,0.1926605504587156,0.925602232786083,21
<A_ACTIVATED | 10>,END,<END | 72>,0.23853211009174313,0.3767198890417566,26
<A_ACTIVATED | 26>,END,<END | 18>,0.43157894736842106,0.9231624400487736,41
<A_ACTIVATED | 26>,END,<END | 36>,0.4105263157894737,0.425891008033147,39
<A_ACTIVATED | 26>,END,<END | 7>,0.15789473684210525,0.42018858292456135,15
<A_ACTIVATED | 29>,END,<END | 17>,0.02631578947368421,0.4361289612844669,1
<A_ACTIVATED | 29>,END,<END | 59>,0.8947368421052632,0.6067118670547218,34
<A_ACTIVATED | 29>,END,<END | 61>,0.07894736842105263,1.0,3
<A_ACTIVATED | 35>,END,<END | 86>,1.0,0.6452460860590913,5
<A_ACTIVATED | 54>,END,<END | 54>,1.0,0.2037146206854497,1
<A_ACTIVATED | 65>,END,<END | 17>,1.0,0.436128961284467,26
<A_ACTIVATED | 77>,END,<END | 41>,0.4946236559139785,0.9256022327860838,46
<A_ACTIVATED | 77>,END,<END | 72>,0.5053763440860215,0.37671988904175646,47
<A_ACTIVATED | 80>,END,<END | 18>,0.014925373134328358,0.9231624400487742,1
<A_ACTIVATED | 80>,END,<END | 59>,0.1044776119402985,0.6067118670547218,7
<A_ACTIVATED | 80>,END,<END | 61>,0.5074626865671642,0.9999999999999999,34
<A_ACTIVATED | 80>,END,<END | 7>,0.373134328358209,0.42018858292456135,25
<A_ACTIVATED | 89>,END,<END | 18>,0.03125,0.9231624400487742,1
<A_ACTIVATED | 89>,END,<END | 61>,0.1875,0.9999999999999998,6
<A_ACTIVATED | 89>,END,<END | 7>,0.78125,0.42018858292456135,25
<A_APPROVED | 15>,A_REGISTERED,<A_REGISTERED | 77>,1.0,0.0,8
<A_APPROVED | 19>,A_REGISTERED,<A_REGISTERED | 23>,1.0,0.0,6
<A_APPROVED | 25>,A_REGISTERED,<A_REGISTERED | 20>,0.684931506849315,0.0,50
<A_APPROVED | 25>,A_REGISTERED,<A_REGISTERED | 23>,0.0958904109589041,0.0,7
<A_APPROVED | 25>,A_REGISTERED,<A_REGISTERED | 57>,0.2191780821917808,0.0,16
<A_APPROVED | 30>,A_REGISTERED,<A_REGISTERED | 44>,0.2222222222222222,0.0,10
<A_APPROVED | 30>,A_REGISTERED,<A_REGISTERED | 57>,0.7777777777777778,0.0,35
<A_APPROVED | 39>,A_REGISTERED,<A_REGISTERED | 44>,0.03125,0.0,1
<A_APPROVED | 39>,A_REGISTERED,<A_REGISTERED | 6>,0.96875,0.0,31
<A_APPROVED | 40>,A_REGISTERED,<A_REGISTERED | 20>,0.13709677419354838,0.0,17
<A_APPROVED | 40>,A_REGISTERED,<A_REGISTERED | 23>,0.8629032258064516,0.0,107
<A_APPROVED | 63>,A_REGISTERED,<A_REGISTERED | 23>,1.0,0.0,4
<A_APPROVED | 67>,A_REGISTERED,<A_REGISTERED | 69>,1.0,0.0,6
<A_APPROVED | 75>,A_REGISTERED,<A_REGISTERED | 20>,0.7906976744186046,0.0,34
<A_APPROVED | 75>,A_REGISTERED,<A_REGISTERED | 44>,0.18604651162790697,0.0,8
<A_APPROVED | 75>,A_REGISTERED,<A_REGISTERED | 57>,0.023255813953488372,0.0,1
<A_APPROVED | 79>,A_REGISTERED,<A_REGISTERED | 23>,1.0,0.0,2
<A_APPROVED | 81>,A_REGISTERED,<A_REGISTERED | 23>,0.14634146341463414,0.0,18
<A_APPROVED | 81>,A_REGISTERED,<A_REGISTERED | 77>,0.8536585365853658,0.0,105
<A_CANCELLED | 0>,END,<END | 0>,1.0,0.08770171888008235,9
<A_CANCELLED | 12>,END,<END | 12>,1.0,0.08801280847267916,2
<A_CANCELLED | 13>,END,<END | 13>,1.0,0.08689578626947725,206
<A_CANCELLED | 15>,END,<END | 15>,1.0,0.08786570333969594,5
<A_CANCELLED | 37>,END,<END | 37>,1.0,0.08656828965777759,94
<A_CANCELLED | 95>,END,<END | 95>,1.0,0.08728483598937421,14
<A_DECLINED | 0>,END,<END | 97>,1.0,0.07017407802645947,7
<A_DECLINED | 13>,END,<END | 13>,1.0,0.08689578626947726,557
<A_DECLINED | 15>,END,<END | 38>,0.3333333333333333,0.06405142145451112,1
<A_DECLINED | 15>,END,<END | 97>,0.6666666666666666,0.07017407802645947,2
<A_DECLINED | 19>,END,<END | 97>,1.0,0.07017407802645947,1
<A_DECLINED | 24>,END,<END | 56>,1.0,0.04024455816440627,5
<A_DECLINED | 37>,END,<END | 37>,1.0,0.08656828965777759,269
<A_DECLINED | 45>,END,<END | 56>,1.0,0.04024455816440628,2
<A_DECLINED | 46>,END,<END | 38>,0.2,0.06405142145451112,1
<A_DECLINED | 46>,END,<END | 56>,0.2,0.04024455816440628,1
<A_DECLINED | 46>,END,<END | 97>,0.6,0.07017407802645947,3
<A_DECLINED | 47>,END,<END | 38>,1.0,0.06405142145451112,1
<A_DECLINED | 50>,END,<END | 38>,1.0,0.0640514214545111,190
<A_DECLINED | 51>,END,<END | 56>,1.0,0.04024455816440628,1
<A_DECLINED | 53>,END,<END | 53>,1.0,0.05006123423962967,8
<A_DECLINED | 5>,END,<END | 56>,1.0,0.04024455816440628,1
<A_DECLINED | 70>,END,<END | 56>,1.0,0.04024455816440628,2
<A_DECLINED | 73>,END,<END | 56>,1.0,0.04024455816440628,4
<A_DECLINED | 74>,END,<END | 74>,1.0,0.03281509863147568,7
<A_DECLINED | 76>,END,<END | 38>,1.0,0.06405142145451112,6
<A_DECLINED | 78>,END,<END | 78>,1.0,0.0,3
<A_DECLINED | 82>,END,<END | 56>,1.0,0.04024455816440628,1
<A_DECLINED | 84>,END,<END | 56>,1.0,0.04024455816440627,5
<A_DECLINED | 8>,END,<END | 56>,1.0,0.04024455816440628,1
<A_DECLINED | 91>,END,<END | 53>,0.5,0.05006123423962967,1
<A_DECLINED | 91>,END,<END | 56>,0.5,0.04024455816440628,1
<A_DECLINED | 93>,END,<END | 56>,1.0,0.04024455816440628,1
<A_DECLINED | 95>,END,<END | 95>,1.0,0.08728483598937421,33
<A_DECLINED | 97>,END,<END | 56>,0.015625,0.04024455816440628,1
<A_DECLINED | 97>,END,<END | 97>,0.984375,0.07017407802645945,63
<A_DECLINED | 9>,END,<END | 56>,1.0,0.04024455816440628,1
<A_FINALIZED | 2>,O_SELECTED,<O_SELECTED | 68>,1.0,0.0,827
<A_PARTLYSUBMITTED | 55>,A_DECLINED,<A_DECLINED | 13>,1.0,0.0,425
<A_PARTLYSUBMITTED | 55>,A_PREACCEPTED,<A_PREACCEPTED | 13>,1.0,0.0,882
<A_PARTLYSUBMITTED | 55>,W_Assess_fraud,<A_CANCELLED | 13>,0.14285714285714285,0.0,3
<A_PARTLYSUBMITTED | 55>,W_Assess_fraud,<W_Assess_fraud | 13>,0.8571428571428571,0.0,18
<A_PARTLYSUBMITTED | 55>,W_Fix_incomplete_submission,<A_CANCELLED | 13>,0.08932038834951456,0.0,46
<A_PARTLYSUBMITTED | 55>,W_Fix_incomplete_submission,<W_Fix_incomplete_submission | 13>,0.9106796116504854,0.0,469
<A_PREACCEPTED | 13>,W_Complete_preaccepted_appl,<A_CANCELLED | 37>,0.042907180385288964,0.0,49
<A_PREACCEPTED | 13>,W_Complete_preaccepted_appl,<O_DECLINED | 37>,0.1330998248686515,0.0,152
<A_PREACCEPTED | 13>,W_Complete_preaccepted_appl,<W_Complete_preaccepted_appl | 87>,0.6418563922942206,0.0,733
<A_PREACCEPTED | 13>,W_Complete_preaccepted_appl,<W_Complete_preaccepted_appl | 95>,0.18213660245183888,0.0,208
<A_PREACCEPTED | 95>,W_Complete_preaccepted_appl,<A_CANCELLED | 95>,0.09433962264150944,0.0,5
<A_PREACCEPTED | 95>,W_Complete_preaccepted_appl,<O_DECLINED | 95>,0.11320754716981132,0.0,6
<A_PREACCEPTED | 95>,W_Complete_preaccepted_appl,<W_Complete_preaccepted_appl | 95>,0.7924528301886793,0.0,42
<A_REGISTERED | 20>,A_ACTIVATED,<A_ACTIVATED | 26>,0.39603960396039606,0.0,40
<A_REGISTERED | 20>,A_ACTIVATED,<A_ACTIVATED | 80>,0.3465346534653465,0.0,35
<A_REGISTERED | 20>,A_ACTIVATED,<A_ACTIVATED | 89>,0.25742574257425743,0.0,26
<A_REGISTERED | 23>,A_ACTIVATED,<A_ACTIVATED | 10>,0.6180555555555556,0.0,89
<A_REGISTERED | 23>,A_ACTIVATED,<A_ACTIVATED | 26>,0.3819444444444444,0.0,55
<A_REGISTERED | 44>,A_ACTIVATED,<A_ACTIVATED | 29>,0.631578947368421,0.0,12
<A_REGISTERED | 44>,A_ACTIVATED,<A_ACTIVATED | 65>,0.05263157894736842,0.0,1
<A_REGISTERED | 44>,A_ACTIVATED,<A_ACTIVATED | 89>,0.3157894736842105,0.0,6
<A_REGISTERED | 57>,A_ACTIVATED,<A_ACTIVATED | 29>,0.38461538461538464,0.0,20
<A_REGISTERED | 57>,A_ACTIVATED,<A_ACTIVATED | 80>,0.6153846153846154,0.0,32
<A_REGISTERED | 69>,A_ACTIVATED,<A_ACTIVATED | 35>,0.8333333333333334,0.0,5
<A_REGISTERED | 69>,A_ACTIVATED,<A_ACTIVATED | 54>,0.16666666666666666,0.0,1
<A_REGISTERED | 6>,A_ACTIVATED,<A_ACTIVATED | 29>,0.1935483870967742,0.0,6
<A_REGISTERED | 6>,A_ACTIVATED,<A_ACTIVATED | 65>,0.8064516129032258,0.0,25
<A_REGISTERED | 77>,A_ACTIVATED,<A_ACTIVATED | 10>,0.17699115044247787,0.0,20
<A_REGISTERED | 77>,A_ACTIVATED,<A_ACTIVATED | 77>,0.8230088495575221,0.0,93
<A_SUBMITTED | 55>,A_PARTLYSUBMITTED,<A_CANCELLED | 13>,0.0785,0.0,157
<A_SUBMITTED | 55>,A_PARTLYSUBMITTED,<A_PARTLYSUBMITTED | 55>,0.9215,0.0,1843
<O_ACCEPTED | 0>,A_APPROVED,<A_APPROVED | 81>,1.0,0.0,67
<O_ACCEPTED | 14>,A_APPROVED,<A_APPROVED | 39>,1.0,0.0,5
<O_ACCEPTED | 15>,A_APPROVED,<A_APPROVED | 15>,0.42105263157894735,0.0,8
<O_ACCEPTED | 15>,A_APPROVED,<A_APPROVED | 81>,0.5789473684210527,0.0,11
<O_ACCEPTED | 16>,A_APPROVED,<A_APPROVED | 75>,1.0,0.0,3
<O_ACCEPTED | 19>,A_APPROVED,<A_APPROVED | 19>,0.75,0.0,6
<O_ACCEPTED | 19>,A_APPROVED,<A_APPROVED | 25>,0.125,0.0,1
<O_ACCEPTED | 19>,A_APPROVED,<A_APPROVED | 81>,0.125,0.0,1
<O_ACCEPTED | 1>,A_APPROVED,<A_APPROVED | 25>,1.0,0.0,9
<O_ACCEPTED | 21>,A_APPROVED,<A_APPROVED | 25>,0.18181818181818182,0.0,2
<O_ACCEPTED | 21>,A_APPROVED,<A_APPROVED | 30>,0.8181818181818182,0.0,9
<O_ACCEPTED | 22>,A_APPROVED,<A_APPROVED | 39>,1.0,0.0,4
<O_ACCEPTED | 24>,A_APPROVED,<A_APPROVED | 40>,1.0,0.0,16
<O_ACCEPTED | 27>,A_APPROVED,<A_APPROVED | 30>,1.0,0.0,8
<O_ACCEPTED | 28>,A_APPROVED,<A_APPROVED | 67>,1.0,0.0,1
<O_ACCEPTED | 31>,A_APPROVED,<A_APPROVED | 75>,1.0,0.0,5
<O_ACCEPTED | 32>,A_APPROVED,<A_APPROVED | 67>,1.0,0.0,3
<O_ACCEPTED | 34>,A_APPROVED,<A_APPROVED | 39>,1.0,0.0,8
<O_ACCEPTED | 3>,A_APPROVED,<A_APPROVED | 67>,1.0,0.0,1
<O_ACCEPTED | 42>,A_APPROVED,<A_APPROVED | 40>,1.0,0.0,13
<O_ACCEPTED | 45>,A_APPROVED,<A_APPROVED | 25>,1.0,0.0,15
<O_ACCEPTED | 46>,A_APPROVED,<A_APPROVED | 40>,0.14285714285714285,0.0,1
<O_ACCEPTED | 46>,A_APPROVED,<A_APPROVED | 81>,0.8571428571428571,0.0,6
<O_ACCEPTED | 48>,A_APPROVED,<A_APPROVED | 25>,0.7142857142857143,0.0,5
<O_ACCEPTED | 48>,A_APPROVED,<A_APPROVED | 30>,0.2857142857142857,0.0,2
<O_ACCEPTED | 49>,A_APPROVED,<A_APPROVED | 75>,1.0,0.0,9
<O_ACCEPTED | 4>,A_APPROVED,<A_APPROVED | 30>,1.0,0.0,8
<O_ACCEPTED | 51>,A_APPROVED,<A_APPROVED | 40>,1.0,0.0,23
<O_ACCEPTED | 52>,A_APPROVED,<A_APPROVED | 39>,1.0,0.0,1
<O_ACCEPTED | 58>,A_APPROVED,<A_APPROVED | 75>,1.0,0.0,9
<O_ACCEPTED | 5>,A_APPROVED,<A_APPROVED | 40>,0.7,0.0,7
<O_ACCEPTED | 5>,A_APPROVED,<A_APPROVED | 81>,0.3,0.0,3
<O_ACCEPTED | 60>,A_APPROVED,<A_APPROVED | 81>,1.0,0.0,7
<O_ACCEPTED | 62>,A_APPROVED,<A_APPROVED | 30>,1.0,0.0,5
<O_ACCEPTED | 63>,A_APPROVED,<A_APPROVED | 25>,0.23076923076923078,0.0,3
<O_ACCEPTED | 63>,A_APPROVED,<A_APPROVED | 40>,0.15384615384615385,0.0,2
<O_ACCEPTED | 63>,A_APPROVED,<A_APPROVED | 63>,0.3076923076923077,0.0,4
<O_ACCEPTED | 63>,A_APPROVED,<A_APPROVED | 81>,0.3076923076923077,0.0,4
<O_ACCEPTED | 64>,A_APPROVED,<A_APPROVED | 25>,0.3333333333333333,0.0,2
<O_ACCEPTED | 64>,A_APPROVED,<A_APPROVED | 30>,0.3333333333333333,0.0,2
<O_ACCEPTED | 64>,A_APPROVED,<A_APPROVED | 75>,0.3333333333333333,0.0,2
<O_ACCEPTED | 66>,A_APPROVED,<A_APPROVED | 25>,1.0,0.0,11
<O_ACCEPTED | 70>,A_APPROVED,<A_APPROVED | 40>,0.7857142857142857,0.0,11
<O_ACCEPTED | 70>,A_APPROVED,<A_APPROVED | 75>,0.21428571428571427,0.0,3
<O_ACCEPTED | 71>,A_APPROVED,<A_APPROVED | 75>,1.0,0.0,3
<O_ACCEPTED | 73>,A_APPROVED,<A_APPROVED | 40>,0.7777777777777778,0.0,21
<O_ACCEPTED | 73>,A_APPROVED,<A_APPROVED | 81>,0.2222222222222222,0.0,6
<O_ACCEPTED | 79>,A_APPROVED,<A_APPROVED | 40>,0.6,0.0,3
<O_ACCEPTED | 79>,A_APPROVED,<A_APPROVED | 79>,0.4,0.0,2
<O_ACCEPTED | 82>,A_APPROVED,<A_APPROVED | 40>,0.8571428571428571,0.0,6
<O_ACCEPTED | 82>,A_APPROVED,<A_APPROVED | 75>,0.14285714285714285,0.0,1
<O_ACCEPTED | 83>,A_APPROVED,<A_APPROVED | 25>,0.3333333333333333,0.0,1
<O_ACCEPTED | 83>,A_APPROVED,<A_APPROVED | 30>,0.6666666666666666,0.0,2
<O_ACCEPTED | 84>,A_APPROVED,<A_APPROVED | 40>,1.0,0.0,15
<O_ACCEPTED | 88>,A_APPROVED,<A_APPROVED | 30>,1.0,0.0,7
<O_ACCEPTED | 90>,A_APPROVED,<A_APPROVED | 67>,1.0,0.0,1
<O_ACCEPTED | 91>,A_APPROVED,<A_APPROVED | 25>,1.0,0.0,9
<O_ACCEPTED | 92>,A_APPROVED,<A_APPROVED | 39>,1.0,0.0,7
<O_ACCEPTED | 93>,A_APPROVED,<A_APPROVED | 40>,0.05263157894736842,0.0,1
<O_ACCEPTED | 93>,A_APPROVED,<A_APPROVED | 81>,0.9473684210526315,0.0,18
<O_ACCEPTED | 94>,A_APPROVED,<A_APPROVED | 39>,1.0,0.0,1
<O_ACCEPTED | 96>,A_APPROVED,<A_APPROVED | 25>,1.0,0.0,15
<O_ACCEPTED | 99>,A_APPROVED,<A_APPROVED | 30>,0.25,0.0,2
<O_ACCEPTED | 99>,A_APPROVED,<A_APPROVED | 39>,0.75,0.0,6
<O_ACCEPTED | 9>,A_APPROVED,<A_APPROVED | 40>,0.38461538461538464,0.0,5
<O_ACCEPTED | 9>,A_APPROVED,<A_APPROVED | 75>,0.6153846153846154,0.0,8
<O_CANCELLED | 14>,O_SELECTED,<O_SELECTED | 92>,1.0,0.0,2
<O_CANCELLED | 15>,O_SELECTED,<O_SELECTED | 15>,1.0,0.0,1
<O_CANCELLED | 16>,O_SELECTED,<O_SELECTED | 21>,0.5,0.0,2
<O_CANCELLED | 16>,O_SELECTED,<O_SELECTED | 4>,0.25,0.0,1
<O_CANCELLED | 16>,O_SELECTED,<O_SELECTED | 88>,0.25,0.0,1
<O_CANCELLED | 1>,O_SELECTED,<O_SELECTED | 1>,1.0,0.0,2
<O_CANCELLED | 21>,O_SELECTED,<O_SELECTED | 21>,0.42857142857142855,0.0,3
<O_CANCELLED | 21>,O_SELECTED,<O_SELECTED | 4>,0.14285714285714285,0.0,1
<O_CANCELLED | 21>,O_SELECTED,<O_SELECTED | 62>,0.42857142857142855,0.0,3
<O_CANCELLED | 22>,O_SELECTED,<O_SELECTED | 22>,1.0,0.0,4
<O_CANCELLED | 24>,O_SELECTED,<O_SELECTED | 19>,0.875,0.0,14
<O_CANCELLED | 24>,O_SELECTED,<O_SELECTED | 91>,0.125,0.0,2
<O_CANCELLED | 27>,O_SELECTED,<O_SELECTED | 34>,0.3333333333333333,0.0,1
<O_CANCELLED | 27>,O_SELECTED,<O_SELECTED | 88>,0.3333333333333333,0.0,1
<O_CANCELLED | 27>,O_SELECTED,<O_SELECTED | 99>,0.3333333333333333,0.0,1
<O_CANCELLED | 28>,O_SELECTED,<O_SELECTED | 28>,1.0,0.0,3
<O_CANCELLED | 31>,O_SELECTED,<O_SELECTED | 62>,0.6666666666666666,0.0,2
<O_CANCELLED | 31>,O_SELECTED,<O_SELECTED | 99>,0.3333333333333333,0.0,1
<O_CANCELLED | 34>,O_SELECTED,<O_SELECTED | 22>,0.5,0.0,1
<O_CANCELLED | 34>,O_SELECTED,<O_SELECTED | 34>,0.5,0.0,1
<O_CANCELLED | 42>,O_SELECTED,<O_SELECTED | 1>,0.2857142857142857,0.0,2
<O_CANCELLED | 42>,O_SELECTED,<O_SELECTED | 45>,0.42857142857142855,0.0,3
<O_CANCELLED | 42>,O_SELECTED,<O_SELECTED | 63>,0.2857142857142857,0.0,2
<O_CANCELLED | 45>,O_SELECTED,<O_SELECTED | 45>,0.8,0.0,4
<O_CANCELLED | 45>,O_SELECTED,<O_SELECTED | 66>,0.2,0.0,1
<O_CANCELLED | 46>,O_SELECTED,<O_SELECTED | 19>,1.0,0.0,5
<O_CANCELLED | 48>,O_SELECTED,<O_SELECTED | 48>,0.75,0.0,3
<O_CANCELLED | 48>,O_SELECTED,<O_SELECTED | 88>,0.25,0.0,1
<O_CANCELLED | 49>,O_SELECTED,<O_SELECTED | 21>,0.6666666666666666,0.0,4
<O_CANCELLED | 49>,O_SELECTED,<O_SELECTED | 96>,0.3333333333333333,0.0,2
<O_CANCELLED | 4>,O_SELECTED,<O_SELECTED | 34>,0.3333333333333333,0.0,1
<O_CANCELLED | 4>,O_SELECTED,<O_SELECTED | 4>,0.6666666666666666,0.0,2
<O_CANCELLED | 51>,O_SELECTED,<O_SELECTED | 45>,0.875,0.0,7
<O_CANCELLED | 51>,O_SELECTED,<O_SELECTED | 63>,0.125,0.0,1
<O_CANCELLED | 52>,O_SELECTED,<O_SELECTED | 22>,0.5,0.0,2
<O_CANCELLED | 52>,O_SELECTED,<O_SELECTED | 34>,0.25,0.0,1
<O_CANCELLED | 52>,O_SELECTED,<O_SELECTED | 92>,0.25,0.0,1
<O_CANCELLED | 58>,O_SELECTED,<O_SELECTED | 62>,0.25,0.0,1
<O_CANCELLED | 58>,O_SELECTED,<O_SELECTED | 64>,0.25,0.0,1
<O_CANCELLED | 58>,O_SELECTED,<O_SELECTED | 96>,0.5,0.0,2
<O_CANCELLED | 5>,O_SELECTED,<O_SELECTED | 63>,1.0,0.0,12
<O_CANCELLED | 60>,O_SELECTED,<O_SELECTED | 60>,0.5,0.0,1
<O_CANCELLED | 60>,O_SELECTED,<O_SELECTED | 63>,0.5,0.0,1
<O_CANCELLED | 62>,O_SELECTED,<O_SELECTED | 62>,0.4,0.0,2
<O_CANCELLED | 62>,O_SELECTED,<O_SELECTED | 99>,0.6,0.0,3
<O_CANCELLED | 64>,O_SELECTED,<O_SELECTED | 62>,0.14285714285714285,0.0,1
<O_CANCELLED | 64>,O_SELECTED,<O_SELECTED | 64>,0.8571428571428571,0.0,6
<O_CANCELLED | 66>,O_SELECTED,<O_SELECTED | 64>,0.3333333333333333,0.0,1
<O_CANCELLED | 66>,O_SELECTED,<O_SELECTED | 66>,0.6666666666666666,0.0,2
<O_CANCELLED | 70>,O_SELECTED,<O_SELECTED | 1>,1.0,0.0,5
<O_CANCELLED | 71>,O_SELECTED,<O_SELECTED | 48>,1.0,0.0,2
<O_CANCELLED | 73>,O_SELECTED,<O_SELECTED | 63>,1.0,0.0,18
<O_CANCELLED | 79>,O_SELECTED,<O_SELECTED | 19>,1.0,0.0,2
<O_CANCELLED | 82>,O_SELECTED,<O_SELECTED | 91>,1.0,0.0,10
<O_CANCELLED | 83>,O_SELECTED,<O_SELECTED | 83>,0.5,0.0,1
<O_CANCELLED | 83>,O_SELECTED,<O_SELECTED | 88>,0.5,0.0,1
<O_CANCELLED | 84>,O_SELECTED,<O_SELECTED | 1>,1.0,0.0,13
<O_CANCELLED | 88>,O_SELECTED,<O_SELECTED | 88>,1.0,0.0,5
<O_CANCELLED | 8>,O_SELECTED,<O_SELECTED | 8>,1.0,0.0,1
<O_CANCELLED | 91>,O_SELECTED,<O_SELECTED | 91>,1.0,0.0,7
<O_CANCELLED | 92>,O_SELECTED,<O_SELECTED | 92>,1.0,0.0,3
<O_CANCELLED | 93>,O_SELECTED,<O_SELECTED | 63>,1.0,0.0,4
<O_CANCELLED | 94>,O_SELECTED,<O_SELECTED | 22>,1.0,0.0,1
<O_CANCELLED | 96>,O_SELECTED,<O_SELECTED | 21>,0.25,0.0,1
<O_CANCELLED | 96>,O_SELECTED,<O_SELECTED | 96>,0.75,0.0,3
<O_CANCELLED | 98>,O_SELECTED,<O_SELECTED | 32>,1.0,0.0,1
<O_CANCELLED | 99>,O_SELECTED,<O_SELECTED | 22>,0.3333333333333333,0.0,1
<O_CANCELLED | 99>,O_SELECTED,<O_SELECTED | 99>,0.6666666666666666,0.0,2
<O_CANCELLED | 9>,O_SELECTED,<O_SELECTED | 45>,0.23076923076923078,0.0,3
<O_CANCELLED | 9>,O_SELECTED,<O_SELECTED | 66>,0.38461538461538464,0.0,5
<O_CANCELLED | 9>,O_SELECTED,<O_SELECTED | 96>,0.38461538461538464,0.0,5
<O_CREATED | 0>,O_SENT,<O_ACCEPTED | 60>,0.022727272727272728,0.0,3
<O_CREATED | 0>,O_SENT,<O_SENT | 0>,0.015151515151515152,0.0,2
<O_CREATED | 0>,O_SENT,<O_SENT | 60>,0.9545454545454546,0.0,126
<O_CREATED | 0>,O_SENT,<O_SENT_BACK | 60>,0.007575757575757576,0.0,1
<O_CREATED | 12>,O_SENT,<O_DECLINED | 12>,0.00625,0.0,1
<O_CREATED | 12>,O_SENT,<O_SENT | 12>,0.81875,0.0,131
<O_CREATED | 12>,O_SENT,<O_SENT | 8>,0.15,0.0,24
<O_CREATED | 12>,O_SENT,<O_SENT_BACK | 12>,0.0125,0.0,2
<O_CREATED | 12>,O_SENT,<O_SENT_BACK | 8>,0.0125,0.0,2
<O_CREATED | 14>,O_SENT,<O_SENT | 14>,0.9285714285714286,0.0,13
<O_CREATED | 14>,O_SENT,<O_SENT | 92>,0.07142857142857142,0.0,1
<O_CREATED | 15>,O_SENT,<O_SENT | 15>,0.23214285714285715,0.0,13
<O_CREATED | 15>,O_SENT,<O_SENT | 46>,0.75,0.0,42
<O_CREATED | 15>,O_SENT,<O_SENT_BACK | 46>,0.017857142857142856,0.0,1
<O_CREATED | 16>,O_SENT,<O_SENT | 16>,0.84,0.0,21
<O_CREATED | 16>,O_SENT,<O_SENT | 27>,0.16,0.0,4
<O_CREATED | 19>,O_SENT,<O_SENT | 19>,0.8461538461538461,0.0,22
<O_CREATED | 19>,O_SENT,<O_SENT | 91>,0.15384615384615385,0.0,4
<O_CREATED | 1>,O_SENT,<O_SENT | 1>,0.7333333333333333,0.0,33
<O_CREATED | 1>,O_SENT,<O_SENT | 64>,0.044444444444444446,0.0,2
<O_CREATED | 1>,O_SENT,<O_SENT | 66>,0.2222222222222222,0.0,10
<O_CREATED | 21>,O_SENT,<O_ACCEPTED | 4>,0.023255813953488372,0.0,1
<O_CREATED | 21>,O_SENT,<O_SENT | 21>,0.8837209302325582,0.0,38
<O_CREATED | 21>,O_SENT,<O_SENT | 4>,0.09302325581395349,0.0,4
<O_CREATED | 22>,O_SENT,<O_SENT | 22>,0.8421052631578947,0.0,16
<O_CREATED | 22>,O_SENT,<O_SENT | 3>,0.05263157894736842,0.0,1
<O_CREATED | 22>,O_SENT,<O_SENT | 92>,0.10526315789473684,0.0,2
<O_CREATED | 24>,O_SENT,<O_ACCEPTED | 24>,0.02040816326530612,0.0,1
<O_CREATED | 24>,O_SENT,<O_SENT | 24>,0.8367346938775511,0.0,41
<O_CREATED | 24>,O_SENT,<O_SENT | 82>,0.14285714285714285,0.0,7
<O_CREATED | 27>,O_SENT,<O_SENT | 27>,0.9166666666666666,0.0,22
<O_CREATED | 27>,O_SENT,<O_SENT | 52>,0.08333333333333333,0.0,2
<O_CREATED | 28>,O_SENT,<O_SENT | 28>,1.0,0.0,12
<O_CREATED | 31>,O_SENT,<O_SENT | 31>,1.0,0.0,23
<O_CREATED | 32>,O_SENT,<O_ACCEPTED | 32>,0.14285714285714285,0.0,1
<O_CREATED | 32>,O_SENT,<O_SENT | 32>,0.8571428571428571,0.0,6
<O_CREATED | 33>,O_SENT,<O_DECLINED | 47>,0.0012106537530266344,0.0,1
<O_CREATED | 33>,O_SENT,<O_DECLINED | 76>,0.006053268765133172,0.0,5
<O_CREATED | 33>,O_SENT,<O_SENT | 11>,0.9612590799031477,0.0,794
<O_CREATED | 33>,O_SENT,<O_SENT | 47>,0.007263922518159807,0.0,6
<O_CREATED | 33>,O_SENT,<O_SENT_BACK | 47>,0.002421307506053269,0.0,2
<O_CREATED | 33>,O_SENT,<O_SENT_BACK | 76>,0.021791767554479417,0.0,18
<O_CREATED | 34>,O_SENT,<O_SENT | 14>,0.03571428571428571,0.0,1
<O_CREATED | 34>,O_SENT,<O_SENT | 34>,0.9642857142857143,0.0,27
<O_CREATED | 3>,O_SENT,<O_SENT | 3>,1.0,0.0,7
<O_CREATED | 42>,O_SENT,<O_SENT | 42>,0.9027777777777778,0.0,65
<O_CREATED | 42>,O_SENT,<O_SENT | 9>,0.09722222222222222,0.0,7
<O_CREATED | 45>,O_SENT,<O_SENT | 45>,0.8108108108108109,0.0,30
<O_CREATED | 45>,O_SENT,<O_SENT | 66>,0.16216216216216217,0.0,6
<O_CREATED | 45>,O_SENT,<O_SENT | 96>,0.02702702702702703,0.0,1
<O_CREATED | 46>,O_SENT,<O_ACCEPTED | 24>,0.01694915254237288,0.0,1
<O_CREATED | 46>,O_SENT,<O_SENT | 19>,0.01694915254237288,0.0,1
<O_CREATED | 46>,O_SENT,<O_SENT | 24>,0.1864406779661017,0.0,11
<O_CREATED | 46>,O_SENT,<O_SENT | 46>,0.7796610169491526,0.0,46
<O_CREATED | 47>,O_SENT,<O_SENT | 47>,0.9230769230769231,0.0,12
<O_CREATED | 47>,O_SENT,<O_SENT_BACK | 47>,0.07692307692307693,0.0,1
<O_CREATED | 48>,O_SENT,<O_SENT | 48>,0.8888888888888888,0.0,24
<O_CREATED | 48>,O_SENT,<O_SENT | 88>,0.1111111111111111,0.0,3
<O_CREATED | 49>,O_SENT,<O_ACCEPTED | 49>,0.045454545454545456,0.0,2
<O_CREATED | 49>,O_SENT,<O_SENT | 16>,0.13636363636363635,0.0,6
<O_CREATED | 49>,O_SENT,<O_SENT | 49>,0.8181818181818182,0.0,36
<O_CREATED | 4>,O_SENT,<O_SENT | 34>,0.06896551724137931,0.0,2
<O_CREATED | 4>,O_SENT,<O_SENT | 4>,0.8620689655172413,0.0,25
<O_CREATED | 4>,O_SENT,<O_SENT | 99>,0.06896551724137931,0.0,2
<O_CREATED | 51>,O_SENT,<O_ACCEPTED | 70>,0.023255813953488372,0.0,1
<O_CREATED | 51>,O_SENT,<O_SENT | 42>,0.20930232558139536,0.0,9
<O_CREATED | 51>,O_SENT,<O_SENT | 51>,0.5813953488372093,0.0,25
<O_CREATED | 51>,O_SENT,<O_SENT | 70>,0.046511627906976744,0.0,2
<O_CREATED | 51>,O_SENT,<O_SENT | 9>,0.13953488372093023,0.0,6
<O_CREATED | 52>,O_SENT,<O_SENT | 52>,1.0,0.0,6
<O_CREATED | 58>,O_SENT,<O_SENT | 31>,0.07894736842105263,0.0,3
<O_CREATED | 58>,O_SENT,<O_SENT | 49>,0.02631578947368421,0.0,1
<O_CREATED | 58>,O_SENT,<O_SENT | 58>,0.8947368421052632,0.0,34
<O_CREATED | 5>,O_SENT,<O_ACCEPTED | 42>,0.013888888888888888,0.0,1
<O_CREATED | 5>,O_SENT,<O_SENT | 42>,0.041666666666666664,0.0,3
<O_CREATED | 5>,O_SENT,<O_SENT | 51>,0.041666666666666664,0.0,3
<O_CREATED | 5>,O_SENT,<O_SENT | 5>,0.7777777777777778,0.0,56
<O_CREATED | 5>,O_SENT,<O_SENT | 84>,0.125,0.0,9
<O_CREATED | 60>,O_SENT,<O_ACCEPTED | 60>,0.013157894736842105,0.0,1
<O_CREATED | 60>,O_SENT,<O_SENT | 5>,0.06578947368421052,0.0,5
<O_CREATED | 60>,O_SENT,<O_SENT | 60>,0.9078947368421053,0.0,69
<O_CREATED | 60>,O_SENT,<O_SENT_BACK | 60>,0.013157894736842105,0.0,1
<O_CREATED | 62>,O_SENT,<O_SENT | 4>,0.034482758620689655,0.0,1
<O_CREATED | 62>,O_SENT,<O_SENT | 62>,0.9310344827586207,0.0,27
<O_CREATED | 62>,O_SENT,<O_SENT | 99>,0.034482758620689655,0.0,1
<O_CREATED | 63>,O_SENT,<O_SENT | 1>,0.0975609756097561,0.0,4
<O_CREATED | 63>,O_SENT,<O_SENT | 45>,0.12195121951219512,0.0,5
<O_CREATED | 63>,O_SENT,<O_SENT | 63>,0.7804878048780488,0.0,32
<O_CREATED | 64>,O_SENT,<O_ACCEPTED | 21>,0.037037037037037035,0.0,1
<O_CREATED | 64>,O_SENT,<O_SENT | 21>,0.037037037037037035,0.0,1
<O_CREATED | 64>,O_SENT,<O_SENT | 64>,0.9259259259259259,0.0,25
<O_CREATED | 66>,O_SENT,<O_SENT | 21>,0.06060606060606061,0.0,2
<O_CREATED | 66>,O_SENT,<O_SENT | 66>,0.9393939393939394,0.0,31
<O_CREATED | 70>,O_SENT,<O_SENT | 58>,0.2,0.0,9
<O_CREATED | 70>,O_SENT,<O_SENT | 70>,0.7777777777777778,0.0,35
<O_CREATED | 70>,O_SENT,<O_SENT | 9>,0.022222222222222223,0.0,1
<O_CREATED | 71>,O_SENT,<O_SENT | 16>,0.08695652173913043,0.0,2
<O_CREATED | 71>,O_SENT,<O_SENT | 71>,0.9130434782608695,0.0,21
<O_CREATED | 73>,O_SENT,<O_ACCEPTED | 73>,0.010869565217391304,0.0,1
<O_CREATED | 73>,O_SENT,<O_SENT | 42>,0.18478260869565216,0.0,17
<O_CREATED | 73>,O_SENT,<O_SENT | 51>,0.06521739130434782,0.0,6
<O_CREATED | 73>,O_SENT,<O_SENT | 73>,0.7391304347826086,0.0,68
<O_CREATED | 76>,O_SENT,<O_SENT | 76>,0.9743589743589743,0.0,38
<O_CREATED | 76>,O_SENT,<O_SENT_BACK | 47>,0.02564102564102564,0.0,1
<O_CREATED | 79>,O_SENT,<O_SENT | 24>,0.6842105263157895,0.0,13
<O_CREATED | 79>,O_SENT,<O_SENT | 79>,0.3157894736842105,0.0,6
<O_CREATED | 82>,O_SENT,<O_SENT | 71>,0.10344827586206896,0.0,3
<O_CREATED | 82>,O_SENT,<O_SENT | 82>,0.896551724137931,0.0,26
<O_CREATED | 83>,O_SENT,<O_SENT | 83>,1.0,0.0,10
<O_CREATED | 84>,O_SENT,<O_SENT | 42>,0.027777777777777776,0.0,1
<O_CREATED | 84>,O_SENT,<O_SENT | 70>,0.2222222222222222,0.0,8
<O_CREATED | 84>,O_SENT,<O_SENT | 84>,0.75,0.0,27
<O_CREATED | 88>,O_SENT,<O_SENT | 34>,0.13636363636363635,0.0,3
<O_CREATED | 88>,O_SENT,<O_SENT | 88>,0.8636363636363636,0.0,19
<O_CREATED | 8>,O_SENT,<O_SENT | 8>,0.9565217391304348,0.0,44
<O_CREATED | 8>,O_SENT,<O_SENT_BACK | 8>,0.043478260869565216,0.0,2
<O_CREATED | 90>,O_SENT,<O_SENT | 90>,1.0,0.0,5
<O_CREATED | 91>,O_SENT,<O_ACCEPTED | 91>,0.025,0.0,1
<O_CREATED | 91>,O_SENT,<O_DECLINED | 91>,0.025,0.0,1
<O_CREATED | 91>,O_SENT,<O_SENT | 48>,0.075,0.0,3
<O_CREATED | 91>,O_SENT,<O_SENT | 91>,0.875,0.0,35
<O_CREATED | 92>,O_SENT,<O_SENT | 28>,0.06666666666666667,0.0,1
<O_CREATED | 92>,O_SENT,<O_SENT | 92>,0.9333333333333333,0.0,14
<O_CREATED | 93>,O_SENT,<O_SENT | 5>,0.325,0.0,13
<O_CREATED | 93>,O_SENT,<O_SENT | 60>,0.225,0.0,9
<O_CREATED | 93>,O_SENT,<O_SENT | 73>,0.1,0.0,4
<O_CREATED | 93>,O_SENT,<O_SENT | 93>,0.35,0.0,14
<O_CREATED | 94>,O_SENT,<O_SENT | 94>,1.0,0.0,12
<O_CREATED | 96>,O_SENT,<O_ACCEPTED | 21>,0.029411764705882353,0.0,1
<O_CREATED | 96>,O_SENT,<O_SENT | 21>,0.08823529411764706,0.0,3
<O_CREATED | 96>,O_SENT,<O_SENT | 96>,0.8823529411764706,0.0,30
<O_CREATED | 98>,O_SENT,<O_SENT | 98>,1.0,0.0,5
<O_CREATED | 99>,O_SENT,<O_ACCEPTED | 99>,0.043478260869565216,0.0,1
<O_CREATED | 99>,O_SENT,<O_SENT | 22>,0.08695652173913043,0.0,2
<O_CREATED | 99>,O_SENT,<O_SENT | 34>,0.08695652173913043,0.0,2
<O_CREATED | 99>,O_SENT,<O_SENT | 99>,0.782608695652174,0.0,18
<O_CREATED | 9>,O_SENT,<O_SENT | 49>,0.09836065573770492,0.0,6
<O_CREATED | 9>,O_SENT,<O_SENT | 58>,0.03278688524590164,0.0,2
<O_CREATED | 9>,O_SENT,<O_SENT | 9>,0.8688524590163934,0.0,53
<O_DECLINED | 0>,A_DECLINED,<A_DECLINED | 0>,0.13725490196078433,0.0,7
<O_DECLINED | 0>,A_DECLINED,<A_DECLINED | 97>,0.8627450980392157,0.0,44
<O_DECLINED | 12>,A_DECLINED,<A_DECLINED | 50>,1.0,0.0,157
<O_DECLINED | 15>,A_DECLINED,<A_DECLINED | 15>,0.2,0.0,3
<O_DECLINED | 15>,A_DECLINED,<A_DECLINED | 97>,0.8,0.0,12
<O_DECLINED | 16>,A_DECLINED,<A_DECLINED | 74>,1.0,0.0,2
<O_DECLINED | 19>,A_DECLINED,<A_DECLINED | 19>,1.0,0.0,1
<O_DECLINED | 21>,A_DECLINED,<A_DECLINED | 53>,1.0,0.0,1
<O_DECLINED | 24>,A_DECLINED,<A_DECLINED | 24>,1.0,0.0,5
<O_DECLINED | 28>,A_DECLINED,<A_DECLINED | 78>,1.0,0.0,1
<O_DECLINED | 37>,A_DECLINED,<A_DECLINED | 37>,1.0,0.0,263
<O_DECLINED | 3>,A_DECLINED,<A_DECLINED | 78>,1.0,0.0,1
<O_DECLINED | 45>,A_DECLINED,<A_DECLINED | 45>,1.0,0.0,2
<O_DECLINED | 46>,A_DECLINED,<A_DECLINED | 46>,1.0,0.0,5
<O_DECLINED | 47>,A_DECLINED,<A_DECLINED | 47>,1.0,0.0,1
<O_DECLINED | 4>,A_DECLINED,<A_DECLINED | 74>,1.0,0.0,1
<O_DECLINED | 51>,A_DECLINED,<A_DECLINED | 51>,1.0,0.0,1
<O_DECLINED | 52>,A_DECLINED,<A_DECLINED | 74>,1.0,0.0,1
<O_DECLINED | 5>,A_DECLINED,<A_DECLINED | 5>,1.0,0.0,1
<O_DECLINED | 62>,A_DECLINED,<A_DECLINED | 53>,1.0,0.0,1
<O_DECLINED | 63>,A_DECLINED,<A_DECLINED | 97>,1.0,0.0,2
<O_DECLINED | 64>,A_DECLINED,<A_DECLINED | 53>,1.0,0.0,3
<O_DECLINED | 66>,A_DECLINED,<A_DECLINED | 53>,1.0,0.0,2
<O_DECLINED | 70>,A_DECLINED,<A_DECLINED | 70>,1.0,0.0,2
<O_DECLINED | 73>,A_DECLINED,<A_DECLINED | 73>,1.0,0.0,4
<O_DECLINED | 76>,A_DECLINED,<A_DECLINED | 76>,1.0,0.0,6
<O_DECLINED | 79>,A_DECLINED,<A_DECLINED | 97>,1.0,0.0,2
<O_DECLINED | 82>,A_DECLINED,<A_DECLINED | 82>,1.0,0.0,1
<O_DECLINED | 84>,A_DECLINED,<A_DECLINED | 84>,1.0,0.0,5
<O_DECLINED | 88>,A_DECLINED,<A_DECLINED | 74>,1.0,0.0,1
<O_DECLINED | 8>,A_DECLINED,<A_DECLINED | 50>,0.9705882352941176,0.0,33
<O_DECLINED | 8>,A_DECLINED,<A_DECLINED | 8>,0.029411764705882353,0.0,1
<O_DECLINED | 91>,A_DECLINED,<A_DECLINED | 91>,1.0,0.0,2
<O_DECLINED | 92>,A_DECLINED,<A_DECLINED | 78>,1.0,0.0,1
<O_DECLINED | 93>,A_DECLINED,<A_DECLINED | 93>,0.2,0.0,1
<O_DECLINED | 93>,A_DECLINED,<A_DECLINED | 97>,0.8,0.0,4
<O_DECLINED | 95>,A_DECLINED,<A_DECLINED | 37>,1.0,0.0,6
<O_DECLINED | 96>,A_DECLINED,<A_DECLINED | 53>,1.0,0.0,1
<O_DECLINED | 99>,A_DECLINED,<A_DECLINED | 74>,1.0,0.0,2
<O_DECLINED | 9>,A_DECLINED,<A_DECLINED | 9>,1.0,0.0,1
<O_SELECTED | 0>,O_CREATED,<O_CREATED | 0>,0.6875,0.0,132
<O_SELECTED | 0>,O_CREATED,<O_CREATED | 60>,0.2708333333333333,0.0,52
<O_SELECTED | 0>,O_CREATED,<O_CREATED | 93>,0.041666666666666664,0.0,8
<O_SELECTED | 12>,O_CREATED,<O_CREATED | 12>,0.9142857142857143,0.0,160
<O_SELECTED | 12>,O_CREATED,<O_CREATED | 8>,0.08571428571428572,0.0,15
<O_SELECTED | 14>,O_CREATED,<O_CREATED | 14>,0.9285714285714286,0.0,13
<O_SELECTED | 14>,O_CREATED,<O_CREATED | 98>,0.07142857142857142,0.0,1
<O_SELECTED | 15>,O_CREATED,<O_CREATED | 15>,0.7671232876712328,0.0,56
<O_SELECTED | 15>,O_CREATED,<O_CREATED | 46>,0.2054794520547945,0.0,15
<O_SELECTED | 15>,O_CREATED,<O_CREATED | 79>,0.0273972602739726,0.0,2
<O_SELECTED | 16>,O_CREATED,<O_CREATED | 16>,0.8461538461538461,0.0,22
<O_SELECTED | 16>,O_CREATED,<O_CREATED | 27>,0.15384615384615385,0.0,4
<O_SELECTED | 19>,O_CREATED,<O_CREATED | 19>,0.9285714285714286,0.0,26
<O_SELECTED | 19>,O_CREATED,<O_CREATED | 91>,0.07142857142857142,0.0,2
<O_SELECTED | 1>,O_CREATED,<O_CREATED | 1>,0.8571428571428571,0.0,42
<O_SELECTED | 1>,O_CREATED,<O_CREATED | 64>,0.08163265306122448,0.0,4
<O_SELECTED | 1>,O_CREATED,<O_CREATED | 66>,0.061224489795918366,0.0,3
<O_SELECTED | 21>,O_CREATED,<O_CREATED | 21>,0.8648648648648649,0.0,32
<O_SELECTED | 21>,O_CREATED,<O_CREATED | 4>,0.13513513513513514,0.0,5
<O_SELECTED | 22>,O_CREATED,<O_CREATED | 22>,0.9,0.0,18
<O_SELECTED | 22>,O_CREATED,<O_CREATED | 92>,0.1,0.0,2
<O_SELECTED | 24>,O_CREATED,<O_CREATED | 24>,0.967741935483871,0.0,30
<O_SELECTED | 24>,O_CREATED,<O_CREATED | 82>,0.03225806451612903,0.0,1
<O_SELECTED | 27>,O_CREATED,<O_CREATED | 27>,1.0,0.0,18
<O_SELECTED | 28>,O_CREATED,<O_CREATED | 28>,1.0,0.0,11
<O_SELECTED | 31>,O_CREATED,<O_CREATED | 27>,0.09523809523809523,0.0,2
<O_SELECTED | 31>,O_CREATED,<O_CREATED | 31>,0.9047619047619048,0.0,19
<O_SELECTED | 32>,O_CREATED,<O_CREATED | 32>,1.0,0.0,7
<O_SELECTED | 34>,O_CREATED,<O_CREATED | 34>,1.0,0.0,22
<O_SELECTED | 3>,O_CREATED,<O_CREATED | 3>,1.0,0.0,6
<O_SELECTED | 42>,O_CREATED,<O_CREATED | 42>,0.9074074074074074,0.0,49
<O_SELECTED | 42>,O_CREATED,<O_CREATED | 70>,0.018518518518518517,0.0,1
<O_SELECTED | 42>,O_CREATED,<O_CREATED | 9>,0.07407407407407407,0.0,4
<O_SELECTED | 45>,O_CREATED,<O_CREATED | 45>,0.7857142857142857,0.0,33
<O_SELECTED | 45>,O_CREATED,<O_CREATED | 66>,0.09523809523809523,0.0,4
<O_SELECTED | 45>,O_CREATED,<O_CREATED | 96>,0.11904761904761904,0.0,5
<O_SELECTED | 46>,O_CREATED,<O_CREATED | 24>,0.13725490196078433,0.0,7
<O_SELECTED | 46>,O_CREATED,<O_CREATED | 46>,0.8627450980392157,0.0,44
<O_SELECTED | 47>,O_CREATED,<O_CREATED | 47>,1.0,0.0,12
<O_SELECTED | 48>,O_CREATED,<O_CREATED | 48>,0.9565217391304348,0.0,22
<O_SELECTED | 48>,O_CREATED,<O_CREATED | 88>,0.043478260869565216,0.0,1
<O_SELECTED | 49>,O_CREATED,<O_CREATED | 16>,0.05,0.0,2
<O_SELECTED | 49>,O_CREATED,<O_CREATED | 31>,0.025,0.0,1
<O_SELECTED | 49>,O_CREATED,<O_CREATED | 49>,0.925,0.0,37
<O_SELECTED | 4>,O_CREATED,<O_CREATED | 34>,0.1111111111111111,0.0,3
<O_SELECTED | 4>,O_CREATED,<O_CREATED | 4>,0.8518518518518519,0.0,23
<O_SELECTED | 4>,O_CREATED,<O_CREATED | 94>,0.037037037037037035,0.0,1
<O_SELECTED | 51>,O_CREATED,<O_CREATED | 42>,0.125,0.0,7
<O_SELECTED | 51>,O_CREATED,<O_CREATED | 51>,0.6785714285714286,0.0,38
<O_SELECTED | 51>,O_CREATED,<O_CREATED | 70>,0.07142857142857142,0.0,4
<O_SELECTED | 51>,O_CREATED,<O_CREATED | 9>,0.125,0.0,7
<O_SELECTED | 52>,O_CREATED,<O_CREATED | 52>,1.0,0.0,6
<O_SELECTED | 58>,O_CREATED,<O_CREATED | 31>,0.08823529411764706,0.0,3
<O_SELECTED | 58>,O_CREATED,<O_CREATED | 49>,0.029411764705882353,0.0,1
<O_SELECTED | 58>,O_CREATED,<O_CREATED | 58>,0.8823529411764706,0.0,30
<O_SELECTED | 5>,O_CREATED,<O_CREATED | 42>,0.057692307692307696,0.0,3
<O_SELECTED | 5>,O_CREATED,<O_CREATED | 5>,0.8076923076923077,0.0,42
<O_SELECTED | 5>,O_CREATED,<O_CREATED | 84>,0.1346153846153846,0.0,7
<O_SELECTED | 60>,O_CREATED,<O_CREATED | 60>,0.48,0.0,12
<O_SELECTED | 60>,O_CREATED,<O_CREATED | 73>,0.52,0.0,13
<O_SELECTED | 62>,O_CREATED,<O_CREATED | 4>,0.038461538461538464,0.0,1
<O_SELECTED | 62>,O_CREATED,<O_CREATED | 62>,0.9230769230769231,0.0,24
<O_SELECTED | 62>,O_CREATED,<O_CREATED | 99>,0.038461538461538464,0.0,1
<O_SELECTED | 63>,O_CREATED,<O_CREATED | 1>,0.06382978723404255,0.0,3
<O_SELECTED | 63>,O_CREATED,<O_CREATED | 45>,0.06382978723404255,0.0,3
<O_SELECTED | 63>,O_CREATED,<O_CREATED | 63>,0.8723404255319149,0.0,41
<O_SELECTED | 64>,O_CREATED,<O_CREATED | 62>,0.19230769230769232,0.0,5
<O_SELECTED | 64>,O_CREATED,<O_CREATED | 64>,0.8076923076923077,0.0,21
<O_SELECTED | 66>,O_CREATED,<O_CREATED | 21>,0.034482758620689655,0.0,1
<O_SELECTED | 66>,O_CREATED,<O_CREATED | 64>,0.06896551724137931,0.0,2
<O_SELECTED | 66>,O_CREATED,<O_CREATED | 66>,0.896551724137931,0.0,26
<O_SELECTED | 68>,O_CREATED,<O_CREATED | 33>,0.9987908101571947,0.0,826
<O_SELECTED | 68>,O_CREATED,<O_CREATED | 47>,0.0012091898428053204,0.0,1
<O_SELECTED | 70>,O_CREATED,<O_CREATED | 58>,0.18604651162790697,0.0,8
<O_SELECTED | 70>,O_CREATED,<O_CREATED | 70>,0.7674418604651163,0.0,33
<O_SELECTED | 70>,O_CREATED,<O_CREATED | 9>,0.046511627906976744,0.0,2
<O_SELECTED | 71>,O_CREATED,<O_CREATED | 16>,0.047619047619047616,0.0,1
<O_SELECTED | 71>,O_CREATED,<O_CREATED | 71>,0.9523809523809523,0.0,20
<O_SELECTED | 73>,O_CREATED,<O_CREATED | 42>,0.1326530612244898,0.0,13
<O_SELECTED | 73>,O_CREATED,<O_CREATED | 51>,0.05102040816326531,0.0,5
<O_SELECTED | 73>,O_CREATED,<O_CREATED | 5>,0.01020408163265306,0.0,1
<O_SELECTED | 73>,O_CREATED,<O_CREATED | 73>,0.8061224489795918,0.0,79
<O_SELECTED | 76>,O_CREATED,<O_CREATED | 76>,1.0,0.0,39
<O_SELECTED | 79>,O_CREATED,<O_CREATED | 24>,0.4,0.0,12
<O_SELECTED | 79>,O_CREATED,<O_CREATED | 79>,0.5666666666666667,0.0,17
<O_SELECTED | 79>,O_CREATED,<O_CREATED | 82>,0.03333333333333333,0.0,1
<O_SELECTED | 82>,O_CREATED,<O_CREATED | 71>,0.1,0.0,3
<O_SELECTED | 82>,O_CREATED,<O_CREATED | 82>,0.9,0.0,27
<O_SELECTED | 83>,O_CREATED,<O_CREATED | 83>,0.8333333333333334,0.0,10
<O_SELECTED | 83>,O_CREATED,<O_CREATED | 88>,0.16666666666666666,0.0,2
<O_SELECTED | 84>,O_CREATED,<O_CREATED | 70>,0.2,0.0,7
<O_SELECTED | 84>,O_CREATED,<O_CREATED | 84>,0.8,0.0,28
<O_SELECTED | 88>,O_CREATED,<O_CREATED | 34>,0.13636363636363635,0.0,3
<O_SELECTED | 88>,O_CREATED,<O_CREATED | 88>,0.8636363636363636,0.0,19
<O_SELECTED | 8>,O_CREATED,<O_CREATED | 45>,0.03125,0.0,1
<O_SELECTED | 8>,O_CREATED,<O_CREATED | 8>,0.96875,0.0,31
<O_SELECTED | 90>,O_CREATED,<O_CREATED | 90>,1.0,0.0,5
<O_SELECTED | 91>,O_CREATED,<O_CREATED | 48>,0.11627906976744186,0.0,5
<O_SELECTED | 91>,O_CREATED,<O_CREATED | 91>,0.8837209302325582,0.0,38
<O_SELECTED | 92>,O_CREATED,<O_CREATED | 28>,0.06666666666666667,0.0,1
<O_SELECTED | 92>,O_CREATED,<O_CREATED | 3>,0.06666666666666667,0.0,1
<O_SELECTED | 92>,O_CREATED,<O_CREATED | 92>,0.8666666666666667,0.0,13
<O_SELECTED | 93>,O_CREATED,<O_CREATED | 5>,0.3918918918918919,0.0,29
<O_SELECTED | 93>,O_CREATED,<O_CREATED | 60>,0.16216216216216217,0.0,12
<O_SELECTED | 93>,O_CREATED,<O_CREATED | 84>,0.013513513513513514,0.0,1
<O_SELECTED | 93>,O_CREATED,<O_CREATED | 93>,0.43243243243243246,0.0,32
<O_SELECTED | 94>,O_CREATED,<O_CREATED | 14>,0.08333333333333333,0.0,1
<O_SELECTED | 94>,O_CREATED,<O_CREATED | 94>,0.9166666666666666,0.0,11
<O_SELECTED | 96>,O_CREATED,<O_CREATED | 21>,0.2564102564102564,0.0,10
<O_SELECTED | 96>,O_CREATED,<O_CREATED | 96>,0.7435897435897436,0.0,29
<O_SELECTED | 98>,O_CREATED,<O_CREATED | 98>,1.0,0.0,4
<O_SELECTED | 99>,O_CREATED,<O_CREATED | 22>,0.043478260869565216,0.0,1
<O_SELECTED | 99>,O_CREATED,<O_CREATED | 99>,0.9565217391304348,0.0,22
<O_SELECTED | 9>,O_CREATED,<O_CREATED | 49>,0.1111111111111111,0.0,6
<O_SELECTED | 9>,O_CREATED,<O_CREATED | 9>,0.8888888888888888,0.0,48
<O_SENT | 0>,O_CANCELLED,<O_CANCELLED | 60>,1.0,0.0,1
<O_SENT | 0>,W_Call_after_offer,<W_Call_after_offer | 60>,1.0,0.0,1
<O_SENT | 11>,O_CANCELLED,<O_DECLINED | 76>,1.0,0.0,1
<O_SENT | 11>,O_SELECTED,<O_SELECTED | 47>,0.2,0.0,9
<O_SENT | 11>,O_SELECTED,<O_SELECTED | 76>,0.8,0.0,36
<O_SENT | 11>,W_Call_after_offer,<O_DECLINED | 12>,0.10026737967914438,0.0,75
<O_SENT | 11>,W_Call_after_offer,<O_SENT_BACK | 12>,0.356951871657754,0.0,267
<O_SENT | 11>,W_Call_after_offer,<W_Call_after_offer | 47>,0.10561497326203209,0.0,79
<O_SENT | 11>,W_Call_after_offer,<W_Call_after_offer | 76>,0.43716577540106955,0.0,327
<O_SENT | 12>,O_SELECTED,<O_SELECTED | 12>,1.0,0.0,5
<O_SENT | 12>,W_Call_after_offer,<O_DECLINED | 12>,0.05555555555555555,0.0,7
<O_SENT | 12>,W_Call_after_offer,<O_DECLINED | 8>,0.07142857142857142,0.0,9
<O_SENT | 12>,W_Call_after_offer,<O_SENT_BACK | 12>,0.14285714285714285,0.0,18
<O_SENT | 12>,W_Call_after_offer,<O_SENT_BACK | 8>,0.2698412698412698,0.0,34
<O_SENT | 12>,W_Call_after_offer,<W_Call_after_offer | 12>,0.373015873015873,0.0,47
<O_SENT | 12>,W_Call_after_offer,<W_Call_after_offer | 8>,0.0873015873015873,0.0,11
<O_SENT | 14>,O_CANCELLED,<O_ACCEPTED | 92>,1.0,0.0,1
<O_SENT | 14>,O_SELECTED,<O_SELECTED | 14>,1.0,0.0,4
<O_SENT | 14>,W_Call_after_offer,<O_ACCEPTED | 14>,0.2222222222222222,0.0,2
<O_SENT | 14>,W_Call_after_offer,<W_Call_after_offer | 14>,0.7777777777777778,0.0,7
<O_SENT | 15>,O_SELECTED,<O_SELECTED | 46>,1.0,0.0,1
<O_SENT | 15>,W_Call_after_offer,<O_SENT_BACK | 46>,0.3333333333333333,0.0,4
<O_SENT | 15>,W_Call_after_offer,<W_Call_after_offer | 15>,0.16666666666666666,0.0,2
<O_SENT | 15>,W_Call_after_offer,<W_Call_after_offer | 46>,0.5,0.0,6
<O_SENT | 16>,O_SELECTED,<O_SELECTED | 16>,1.0,0.0,3
<O_SENT | 16>,W_Call_after_offer,<O_DECLINED | 16>,0.038461538461538464,0.0,1
<O_SENT | 16>,W_Call_after_offer,<W_Call_after_offer | 16>,0.8846153846153846,0.0,23
<O_SENT | 16>,W_Call_after_offer,<W_Call_after_offer | 27>,0.07692307692307693,0.0,2
<O_SENT | 19>,O_SELECTED,<O_SELECTED | 19>,1.0,0.0,1
<O_SENT | 19>,W_Call_after_offer,<O_ACCEPTED | 19>,0.045454545454545456,0.0,1
<O_SENT | 19>,W_Call_after_offer,<O_SENT_BACK | 19>,0.22727272727272727,0.0,5
<O_SENT | 19>,W_Call_after_offer,<W_Call_after_offer | 19>,0.5,0.0,11
<O_SENT | 19>,W_Call_after_offer,<W_Call_after_offer | 91>,0.22727272727272727,0.0,5
<O_SENT | 1>,O_CANCELLED,<O_ACCEPTED | 1>,1.0,0.0,1
<O_SENT | 1>,O_SELECTED,<O_SELECTED | 1>,1.0,0.0,4
<O_SENT | 1>,W_Call_after_offer,<O_ACCEPTED | 1>,0.0625,0.0,2
<O_SENT | 1>,W_Call_after_offer,<O_DECLINED | 66>,0.03125,0.0,1
<O_SENT | 1>,W_Call_after_offer,<O_SENT_BACK | 1>,0.03125,0.0,1
<O_SENT | 1>,W_Call_after_offer,<W_Call_after_offer | 1>,0.75,0.0,24
<O_SENT | 1>,W_Call_after_offer,<W_Call_after_offer | 64>,0.09375,0.0,3
<O_SENT | 1>,W_Call_after_offer,<W_Call_after_offer | 66>,0.03125,0.0,1
<O_SENT | 21>,O_CANCELLED,<O_ACCEPTED | 4>,0.5,0.0,1
<O_SENT | 21>,O_CANCELLED,<O_CANCELLED | 21>,0.5,0.0,1
<O_SENT | 21>,W_Call_after_offer,<O_ACCEPTED | 21>,0.07142857142857142,0.0,3
<O_SENT | 21>,W_Call_after_offer,<O_ACCEPTED | 4>,0.047619047619047616,0.0,2
<O_SENT | 21>,W_Call_after_offer,<W_Call_after_offer | 21>,0.8333333333333334,0.0,35
<O_SENT | 21>,W_Call_after_offer,<W_Call_after_offer | 4>,0.023809523809523808,0.0,1
<O_SENT | 21>,W_Call_after_offer,<W_Call_after_offer | 62>,0.023809523809523808,0.0,1
<O_SENT | 22>,O_SELECTED,<O_SELECTED | 22>,1.0,0.0,2
<O_SENT | 22>,W_Call_after_offer,<O_ACCEPTED | 22>,0.0625,0.0,1
<O_SENT | 22>,W_Call_after_offer,<O_ACCEPTED | 92>,0.0625,0.0,1
<O_SENT | 22>,W_Call_after_offer,<O_DECLINED | 92>,0.0625,0.0,1
<O_SENT | 22>,W_Call_after_offer,<W_Call_after_offer | 22>,0.8125,0.0,13
<O_SENT | 24>,O_CANCELLED,<O_CANCELLED | 24>,1.0,0.0,1
<O_SENT | 24>,W_Call_after_offer,<O_ACCEPTED | 24>,0.09375,0.0,6
<O_SENT | 24>,W_Call_after_offer,<O_ACCEPTED | 82>,0.015625,0.0,1
<O_SENT | 24>,W_Call_after_offer,<O_DECLINED | 24>,0.015625,0.0,1
<O_SENT | 24>,W_Call_after_offer,<O_SENT_BACK | 24>,0.078125,0.0,5
<O_SENT | 24>,W_Call_after_offer,<W_Call_after_offer | 24>,0.765625,0.0,49
<O_SENT | 24>,W_Call_after_offer,<W_Call_after_offer | 82>,0.03125,0.0,2
<O_SENT | 27>,O_CANCELLED,<O_CANCELLED | 27>,1.0,0.0,1
<O_SENT | 27>,W_Call_after_offer,<O_ACCEPTED | 27>,0.12,0.0,3
<O_SENT | 27>,W_Call_after_offer,<O_DECLINED | 52>,0.04,0.0,1
<O_SENT | 27>,W_Call_after_offer,<W_Call_after_offer | 27>,0.8,0.0,20
<O_SENT | 27>,W_Call_after_offer,<W_Call_after_offer | 52>,0.04,0.0,1
<O_SENT | 28>,O_SELECTED,<O_SELECTED | 28>,1.0,0.0,1
<O_SENT | 28>,W_Call_after_offer,<O_DECLINED | 28>,0.08333333333333333,0.0,1
<O_SENT | 28>,W_Call_after_offer,<W_Call_after_offer | 28>,0.75,0.0,9
<O_SENT | 28>,W_Call_after_offer,<W_Call_after_offer | 32>,0.16666666666666666,0.0,2
<O_SENT | 31>,O_CANCELLED,<O_ACCEPTED | 62>,1.0,0.0,1
<O_SENT | 31>,O_SELECTED,<O_SELECTED | 27>,0.3333333333333333,0.0,1
<O_SENT | 31>,O_SELECTED,<O_SELECTED | 31>,0.6666666666666666,0.0,2
<O_SENT | 31>,W_Call_after_offer,<O_ACCEPTED | 31>,0.09090909090909091,0.0,2
<O_SENT | 31>,W_Call_after_offer,<W_Call_after_offer | 16>,0.045454545454545456,0.0,1
<O_SENT | 31>,W_Call_after_offer,<W_Call_after_offer | 27>,0.09090909090909091,0.0,2
<O_SENT | 31>,W_Call_after_offer,<W_Call_after_offer | 31>,0.7727272727272727,0.0,17
<O_SENT | 32>,W_Call_after_offer,<O_ACCEPTED | 32>,0.16666666666666666,0.0,1
<O_SENT | 32>,W_Call_after_offer,<W_Call_after_offer | 32>,0.8333333333333334,0.0,5
<O_SENT | 34>,O_SELECTED,<O_SELECTED | 34>,1.0,0.0,3
<O_SENT | 34>,W_Call_after_offer,<O_ACCEPTED | 14>,0.03225806451612903,0.0,1
<O_SENT | 34>,W_Call_after_offer,<O_ACCEPTED | 22>,0.03225806451612903,0.0,1
<O_SENT | 34>,W_Call_after_offer,<O_ACCEPTED | 34>,0.12903225806451613,0.0,4
<O_SENT | 34>,W_Call_after_offer,<W_Call_after_offer | 14>,0.03225806451612903,0.0,1
<O_SENT | 34>,W_Call_after_offer,<W_Call_after_offer | 22>,0.03225806451612903,0.0,1
<O_SENT | 34>,W_Call_after_offer,<W_Call_after_offer | 34>,0.7419354838709677,0.0,23
<O_SENT | 3>,O_SELECTED,<O_SELECTED | 3>,1.0,0.0,2
<O_SENT | 3>,W_Call_after_offer,<W_Call_after_offer | 3>,1.0,0.0,6
<O_SENT | 42>,O_SELECTED,<O_SELECTED | 42>,1.0,0.0,11
<O_SENT | 42>,W_Call_after_offer,<O_ACCEPTED | 42>,0.08333333333333333,0.0,7
<O_SENT | 42>,W_Call_after_offer,<O_ACCEPTED | 9>,0.023809523809523808,0.0,2
<O_SENT | 42>,W_Call_after_offer,<W_Call_after_offer | 42>,0.75,0.0,63
<O_SENT | 42>,W_Call_after_offer,<W_Call_after_offer | 70>,0.011904761904761904,0.0,1
<O_SENT | 42>,W_Call_after_offer,<W_Call_after_offer | 9>,0.13095238095238096,0.0,11
<O_SENT | 45>,O_CANCELLED,<O_CANCELLED | 96>,1.0,0.0,1
<O_SENT | 45>,O_SELECTED,<O_SELECTED | 45>,1.0,0.0,2
<O_SENT | 45>,W_Call_after_offer,<O_ACCEPTED | 45>,0.09375,0.0,3
<O_SENT | 45>,W_Call_after_offer,<O_DECLINED | 66>,0.03125,0.0,1
<O_SENT | 45>,W_Call_after_offer,<O_SENT_BACK | 45>,0.0625,0.0,2
<O_SENT | 45>,W_Call_after_offer,<W_Call_after_offer | 45>,0.71875,0.0,23
<O_SENT | 45>,W_Call_after_offer,<W_Call_after_offer | 66>,0.09375,0.0,3
<O_SENT | 46>,O_SELECTED,<O_SELECTED | 46>,1.0,0.0,4
<O_SENT | 46>,W_Call_after_offer,<O_ACCEPTED | 24>,0.023809523809523808,0.0,2
<O_SENT | 46>,W_Call_after_offer,<O_ACCEPTED | 46>,0.011904761904761904,0.0,1
<O_SENT | 46>,W_Call_after_offer,<O_ACCEPTED | 79>,0.011904761904761904,0.0,1
<O_SENT | 46>,W_Call_after_offer,<O_DECLINED | 24>,0.023809523809523808,0.0,2
<O_SENT | 46>,W_Call_after_offer,<O_DECLINED | 46>,0.023809523809523808,0.0,2
<O_SENT | 46>,W_Call_after_offer,<O_SENT_BACK | 24>,0.011904761904761904,0.0,1
<O_SENT | 46>,W_Call_after_offer,<O_SENT_BACK | 46>,0.08333333333333333,0.0,7
<O_SENT | 46>,W_Call_after_offer,<O_SENT_BACK | 79>,0.011904761904761904,0.0,1
<O_SENT | 46>,W_Call_after_offer,<W_Call_after_offer | 24>,0.13095238095238096,0.0,11
<O_SENT | 46>,W_Call_after_offer,<W_Call_after_offer | 46>,0.6666666666666666,0.0,56
<O_SENT | 47>,O_SELECTED,<O_SELECTED | 47>,1.0,0.0,2
<O_SENT | 47>,W_Call_after_offer,<O_DECLINED | 12>,0.125,0.0,2
<O_SENT | 47>,W_Call_after_offer,<O_SENT_BACK | 12>,0.1875,0.0,3
<O_SENT | 47>,W_Call_after_offer,<O_SENT_BACK | 8>,0.125,0.0,2
<O_SENT | 47>,W_Call_after_offer,<W_Call_after_offer | 47>,0.5625,0.0,9
<O_SENT | 48>,O_SELECTED,<O_SELECTED | 48>,1.0,0.0,1
<O_SENT | 48>,W_Call_after_offer,<O_ACCEPTED | 48>,0.07692307692307693,0.0,2
<O_SENT | 48>,W_Call_after_offer,<W_Call_after_offer | 48>,0.9230769230769231,0.0,24
<O_SENT | 49>,O_CANCELLED,<O_CANCELLED | 49>,1.0,0.0,1
<O_SENT | 49>,O_SELECTED,<O_SELECTED | 49>,1.0,0.0,5
<O_SENT | 49>,W_Call_after_offer,<O_ACCEPTED | 49>,0.10810810810810811,0.0,4
<O_SENT | 49>,W_Call_after_offer,<W_Call_after_offer | 16>,0.05405405405405406,0.0,2
<O_SENT | 49>,W_Call_after_offer,<W_Call_after_offer | 31>,0.02702702702702703,0.0,1
<O_SENT | 49>,W_Call_after_offer,<W_Call_after_offer | 49>,0.8108108108108109,0.0,30
<O_SENT | 4>,O_SELECTED,<O_SELECTED | 4>,1.0,0.0,1
<O_SENT | 4>,W_Call_after_offer,<O_ACCEPTED | 34>,0.034482758620689655,0.0,1
<O_SENT | 4>,W_Call_after_offer,<O_ACCEPTED | 4>,0.10344827586206896,0.0,3
<O_SENT | 4>,W_Call_after_offer,<W_Call_after_offer | 34>,0.034482758620689655,0.0,1
<O_SENT | 4>,W_Call_after_offer,<W_Call_after_offer | 4>,0.7931034482758621,0.0,23
<O_SENT | 4>,W_Call_after_offer,<W_Call_after_offer | 52>,0.034482758620689655,0.0,1
<O_SENT | 51>,O_SELECTED,<O_SELECTED | 51>,1.0,0.0,2
<O_SENT | 51>,W_Call_after_offer,<O_ACCEPTED | 51>,0.125,0.0,4
<O_SENT | 51>,W_Call_after_offer,<O_ACCEPTED | 9>,0.03125,0.0,1
<O_SENT | 51>,W_Call_after_offer,<O_SENT_BACK | 51>,0.03125,0.0,1
<O_SENT | 51>,W_Call_after_offer,<W_Call_after_offer | 42>,0.09375,0.0,3
<O_SENT | 51>,W_Call_after_offer,<W_Call_after_offer | 51>,0.40625,0.0,13
<O_SENT | 51>,W_Call_after_offer,<W_Call_after_offer | 70>,0.125,0.0,4
<O_SENT | 51>,W_Call_after_offer,<W_Call_after_offer | 9>,0.1875,0.0,6
<O_SENT | 52>,O_SELECTED,<O_SELECTED | 52>,1.0,0.0,1
<O_SENT | 52>,W_Call_after_offer,<O_ACCEPTED | 52>,0.14285714285714285,0.0,1
<O_SENT | 52>,W_Call_after_offer,<W_Call_after_offer | 52>,0.7142857142857143,0.0,5
<O_SENT | 52>,W_Call_after_offer,<W_Call_after_offer | 90>,0.14285714285714285,0.0,1
<O_SENT | 58>,W_Call_after_offer,<O_ACCEPTED | 31>,0.022222222222222223,0.0,1
<O_SENT | 58>,W_Call_after_offer,<O_ACCEPTED | 58>,0.06666666666666667,0.0,3
<O_SENT | 58>,W_Call_after_offer,<W_Call_after_offer | 31>,0.044444444444444446,0.0,2
<O_SENT | 58>,W_Call_after_offer,<W_Call_after_offer | 49>,0.022222222222222223,0.0,1
<O_SENT | 58>,W_Call_after_offer,<W_Call_after_offer | 58>,0.8444444444444444,0.0,38
<O_SENT | 5>,O_CANCELLED,<O_CANCELLED | 5>,1.0,0.0,1
<O_SENT | 5>,O_SELECTED,<O_SELECTED | 42>,0.125,0.0,1
<O_SENT | 5>,O_SELECTED,<O_SELECTED | 5>,0.625,0.0,5
<O_SENT | 5>,O_SELECTED,<O_SELECTED | 84>,0.25,0.0,2
<O_SENT | 5>,W_Call_after_offer,<O_ACCEPTED | 51>,0.03076923076923077,0.0,2
<O_SENT | 5>,W_Call_after_offer,<O_ACCEPTED | 5>,0.015384615384615385,0.0,1
<O_SENT | 5>,W_Call_after_offer,<O_ACCEPTED | 84>,0.046153846153846156,0.0,3
<O_SENT | 5>,W_Call_after_offer,<O_DECLINED | 84>,0.03076923076923077,0.0,2
<O_SENT | 5>,W_Call_after_offer,<O_SENT_BACK | 51>,0.03076923076923077,0.0,2
<O_SENT | 5>,W_Call_after_offer,<O_SENT_BACK | 5>,0.046153846153846156,0.0,3
<O_SENT | 5>,W_Call_after_offer,<O_SENT_BACK | 84>,0.03076923076923077,0.0,2
<O_SENT | 5>,W_Call_after_offer,<W_Call_after_offer | 42>,0.09230769230769231,0.0,6
<O_SENT | 5>,W_Call_after_offer,<W_Call_after_offer | 51>,0.06153846153846154,0.0,4
<O_SENT | 5>,W_Call_after_offer,<W_Call_after_offer | 5>,0.47692307692307695,0.0,31
<O_SENT | 5>,W_Call_after_offer,<W_Call_after_offer | 84>,0.13846153846153847,0.0,9
<O_SENT | 60>,O_SELECTED,<O_SELECTED | 60>,1.0,0.0,11
<O_SENT | 60>,W_Call_after_offer,<O_ACCEPTED | 60>,0.0051813471502590676,0.0,1
<O_SENT | 60>,W_Call_after_offer,<O_ACCEPTED | 73>,0.08290155440414508,0.0,16
<O_SENT | 60>,W_Call_after_offer,<O_DECLINED | 73>,0.010362694300518135,0.0,2
<O_SENT | 60>,W_Call_after_offer,<O_SENT_BACK | 60>,0.0051813471502590676,0.0,1
<O_SENT | 60>,W_Call_after_offer,<O_SENT_BACK | 73>,0.11398963730569948,0.0,22
<O_SENT | 60>,W_Call_after_offer,<W_Call_after_offer | 5>,0.025906735751295335,0.0,5
<O_SENT | 60>,W_Call_after_offer,<W_Call_after_offer | 60>,0.6683937823834197,0.0,129
<O_SENT | 60>,W_Call_after_offer,<W_Call_after_offer | 73>,0.08808290155440414,0.0,17
<O_SENT | 62>,O_CANCELLED,<O_CANCELLED | 62>,1.0,0.0,1
<O_SENT | 62>,O_SELECTED,<O_SELECTED | 62>,1.0,0.0,4
<O_SENT | 62>,W_Call_after_offer,<O_ACCEPTED | 62>,0.045454545454545456,0.0,1
<O_SENT | 62>,W_Call_after_offer,<W_Call_after_offer | 4>,0.045454545454545456,0.0,1
<O_SENT | 62>,W_Call_after_offer,<W_Call_after_offer | 62>,0.8636363636363636,0.0,19
<O_SENT | 62>,W_Call_after_offer,<W_Call_after_offer | 99>,0.045454545454545456,0.0,1
<O_SENT | 63>,O_SELECTED,<O_SELECTED | 45>,0.25,0.0,1
<O_SENT | 63>,O_SELECTED,<O_SELECTED | 63>,0.75,0.0,3
<O_SENT | 63>,W_Call_after_offer,<O_ACCEPTED | 63>,0.03571428571428571,0.0,1
<O_SENT | 63>,W_Call_after_offer,<O_DECLINED | 45>,0.03571428571428571,0.0,1
<O_SENT | 63>,W_Call_after_offer,<O_SENT_BACK | 63>,0.07142857142857142,0.0,2
<O_SENT | 63>,W_Call_after_offer,<W_Call_after_offer | 1>,0.07142857142857142,0.0,2
<O_SENT | 63>,W_Call_after_offer,<W_Call_after_offer | 45>,0.21428571428571427,0.0,6
<O_SENT | 63>,W_Call_after_offer,<W_Call_after_offer | 63>,0.5714285714285714,0.0,16
<O_SENT | 64>,O_SELECTED,<O_SELECTED | 64>,1.0,0.0,1
<O_SENT | 64>,W_Call_after_offer,<O_ACCEPTED | 64>,0.11538461538461539,0.0,3
<O_SENT | 64>,W_Call_after_offer,<O_DECLINED | 64>,0.038461538461538464,0.0,1
<O_SENT | 64>,W_Call_after_offer,<W_Call_after_offer | 62>,0.07692307692307693,0.0,2
<O_SENT | 64>,W_Call_after_offer,<W_Call_after_offer | 64>,0.7692307692307693,0.0,20
<O_SENT | 66>,O_CANCELLED,<O_CANCELLED | 66>,1.0,0.0,2
<O_SENT | 66>,O_SELECTED,<O_SELECTED | 66>,1.0,0.0,1
<O_SENT | 66>,W_Call_after_offer,<O_ACCEPTED | 66>,0.1590909090909091,0.0,7
<O_SENT | 66>,W_Call_after_offer,<O_ACCEPTED | 96>,0.045454545454545456,0.0,2
<O_SENT | 66>,W_Call_after_offer,<O_DECLINED | 64>,0.022727272727272728,0.0,1
<O_SENT | 66>,W_Call_after_offer,<W_Call_after_offer | 21>,0.045454545454545456,0.0,2
<O_SENT | 66>,W_Call_after_offer,<W_Call_after_offer | 64>,0.022727272727272728,0.0,1
<O_SENT | 66>,W_Call_after_offer,<W_Call_after_offer | 66>,0.6363636363636364,0.0,28
<O_SENT | 66>,W_Call_after_offer,<W_Call_after_offer | 96>,0.06818181818181818,0.0,3
<O_SENT | 70>,O_SELECTED,<O_SELECTED | 70>,0.6666666666666666,0.0,2
<O_SENT | 70>,O_SELECTED,<O_SELECTED | 9>,0.3333333333333333,0.0,1
<O_SENT | 70>,W_Call_after_offer,<O_ACCEPTED | 58>,0.047619047619047616,0.0,2
<O_SENT | 70>,W_Call_after_offer,<O_ACCEPTED | 70>,0.047619047619047616,0.0,2
<O_SENT | 70>,W_Call_after_offer,<O_DECLINED | 70>,0.023809523809523808,0.0,1
<O_SENT | 70>,W_Call_after_offer,<W_Call_after_offer | 58>,0.11904761904761904,0.0,5
<O_SENT | 70>,W_Call_after_offer,<W_Call_after_offer | 70>,0.7619047619047619,0.0,32
<O_SENT | 71>,O_SELECTED,<O_SELECTED | 16>,0.2,0.0,1
<O_SENT | 71>,O_SELECTED,<O_SELECTED | 71>,0.8,0.0,4
<O_SENT | 71>,W_Call_after_offer,<O_ACCEPTED | 16>,0.05263157894736842,0.0,1
<O_SENT | 71>,W_Call_after_offer,<W_Call_after_offer | 16>,0.05263157894736842,0.0,1
<O_SENT | 71>,W_Call_after_offer,<W_Call_after_offer | 71>,0.8947368421052632,0.0,17
<O_SENT | 73>,O_SELECTED,<O_SELECTED | 42>,0.5,0.0,2
<O_SENT | 73>,O_SELECTED,<O_SELECTED | 73>,0.5,0.0,2
<O_SENT | 73>,W_Call_after_offer,<O_ACCEPTED | 42>,0.029411764705882353,0.0,2
<O_SENT | 73>,W_Call_after_offer,<O_ACCEPTED | 51>,0.029411764705882353,0.0,2
<O_SENT | 73>,W_Call_after_offer,<O_ACCEPTED | 73>,0.029411764705882353,0.0,2
<O_SENT | 73>,W_Call_after_offer,<O_SENT_BACK | 42>,0.014705882352941176,0.0,1
<O_SENT | 73>,W_Call_after_offer,<O_SENT_BACK | 73>,0.014705882352941176,0.0,1
<O_SENT | 73>,W_Call_after_offer,<W_Call_after_offer | 42>,0.17647058823529413,0.0,12
<O_SENT | 73>,W_Call_after_offer,<W_Call_after_offer | 51>,0.014705882352941176,0.0,1
<O_SENT | 73>,W_Call_after_offer,<W_Call_after_offer | 73>,0.6911764705882353,0.0,47
<O_SENT | 76>,O_SELECTED,<O_SELECTED | 47>,0.25,0.0,1
<O_SENT | 76>,O_SELECTED,<O_SELECTED | 76>,0.75,0.0,3
<O_SENT | 76>,W_Call_after_offer,<O_DECLINED | 12>,0.029411764705882353,0.0,1
<O_SENT | 76>,W_Call_after_offer,<O_SENT_BACK | 12>,0.38235294117647056,0.0,13
<O_SENT | 76>,W_Call_after_offer,<W_Call_after_offer | 47>,0.17647058823529413,0.0,6
<O_SENT | 76>,W_Call_after_offer,<W_Call_after_offer | 76>,0.4117647058823529,0.0,14
<O_SENT | 79>,W_Call_after_offer,<O_ACCEPTED | 24>,0.16666666666666666,0.0,1
<O_SENT | 79>,W_Call_after_offer,<O_SENT_BACK | 79>,0.16666666666666666,0.0,1
<O_SENT | 79>,W_Call_after_offer,<O_SENT_BACK | 82>,0.16666666666666666,0.0,1
<O_SENT | 79>,W_Call_after_offer,<W_Call_after_offer | 79>,0.5,0.0,3
<O_SENT | 82>,O_CANCELLED,<O_ACCEPTED | 91>,1.0,0.0,1
<O_SENT | 82>,O_SELECTED,<O_SELECTED | 71>,0.25,0.0,1
<O_SENT | 82>,O_SELECTED,<O_SELECTED | 82>,0.75,0.0,3
<O_SENT | 82>,W_Call_after_offer,<O_ACCEPTED | 71>,0.03571428571428571,0.0,1
<O_SENT | 82>,W_Call_after_offer,<O_ACCEPTED | 82>,0.10714285714285714,0.0,3
<O_SENT | 82>,W_Call_after_offer,<W_Call_after_offer | 71>,0.10714285714285714,0.0,3
<O_SENT | 82>,W_Call_after_offer,<W_Call_after_offer | 82>,0.75,0.0,21
<O_SENT | 83>,O_SELECTED,<O_SELECTED | 83>,1.0,0.0,1
<O_SENT | 83>,W_Call_after_offer,<O_ACCEPTED | 83>,0.2222222222222222,0.0,2
<O_SENT | 83>,W_Call_after_offer,<W_Call_after_offer | 83>,0.6666666666666666,0.0,6
<O_SENT | 83>,W_Call_after_offer,<W_Call_after_offer | 88>,0.1111111111111111,0.0,1
<O_SENT | 84>,O_SELECTED,<O_SELECTED | 70>,0.5,0.0,3
<O_SENT | 84>,O_SELECTED,<O_SELECTED | 84>,0.5,0.0,3
<O_SENT | 84>,W_Call_after_offer,<O_ACCEPTED | 70>,0.1,0.0,3
<O_SENT | 84>,W_Call_after_offer,<O_DECLINED | 70>,0.03333333333333333,0.0,1
<O_SENT | 84>,W_Call_after_offer,<O_DECLINED | 84>,0.03333333333333333,0.0,1
<O_SENT | 84>,W_Call_after_offer,<O_SENT_BACK | 70>,0.03333333333333333,0.0,1
<O_SENT | 84>,W_Call_after_offer,<W_Call_after_offer | 70>,0.16666666666666666,0.0,5
<O_SENT | 84>,W_Call_after_offer,<W_Call_after_offer | 84>,0.6333333333333333,0.0,19
<O_SENT | 88>,W_Call_after_offer,<O_ACCEPTED | 88>,0.13636363636363635,0.0,3
<O_SENT | 88>,W_Call_after_offer,<O_DECLINED | 88>,0.045454545454545456,0.0,1
<O_SENT | 88>,W_Call_after_offer,<W_Call_after_offer | 88>,0.8181818181818182,0.0,18
<O_SENT | 8>,O_SELECTED,<O_SELECTED | 8>,1.0,0.0,6
<O_SENT | 8>,W_Call_after_offer,<O_DECLINED | 8>,0.12903225806451613,0.0,8
<O_SENT | 8>,W_Call_after_offer,<O_SENT_BACK | 8>,0.3870967741935484,0.0,24
<O_SENT | 8>,W_Call_after_offer,<W_Call_after_offer | 8>,0.4838709677419355,0.0,30
<O_SENT | 90>,W_Call_after_offer,<O_ACCEPTED | 90>,0.2,0.0,1
<O_SENT | 90>,W_Call_after_offer,<W_Call_after_offer | 90>,0.8,0.0,4
<O_SENT | 91>,O_SELECTED,<O_SELECTED | 48>,0.6666666666666666,0.0,2
<O_SENT | 91>,O_SELECTED,<O_SELECTED | 91>,0.3333333333333333,0.0,1
<O_SENT | 91>,W_Call_after_offer,<O_ACCEPTED | 48>,0.05555555555555555,0.0,2
<O_SENT | 91>,W_Call_after_offer,<O_ACCEPTED | 91>,0.1111111111111111,0.0,4
<O_SENT | 91>,W_Call_after_offer,<W_Call_after_offer | 48>,0.05555555555555555,0.0,2
<O_SENT | 91>,W_Call_after_offer,<W_Call_after_offer | 83>,0.027777777777777776,0.0,1
<O_SENT | 91>,W_Call_after_offer,<W_Call_after_offer | 91>,0.75,0.0,27
<O_SENT | 92>,O_SELECTED,<O_SELECTED | 92>,1.0,0.0,2
<O_SENT | 92>,W_Call_after_offer,<O_ACCEPTED | 92>,0.13333333333333333,0.0,2
<O_SENT | 92>,W_Call_after_offer,<W_Call_after_offer | 92>,0.8666666666666667,0.0,13
<O_SENT | 93>,O_SELECTED,<O_SELECTED | 73>,1.0,0.0,1
<O_SENT | 93>,W_Call_after_offer,<O_ACCEPTED | 73>,0.15384615384615385,0.0,2
<O_SENT | 93>,W_Call_after_offer,<O_SENT_BACK | 51>,0.23076923076923078,0.0,3
<O_SENT | 93>,W_Call_after_offer,<W_Call_after_offer | 51>,0.07692307692307693,0.0,1
<O_SENT | 93>,W_Call_after_offer,<W_Call_after_offer | 5>,0.07692307692307693,0.0,1
<O_SENT | 93>,W_Call_after_offer,<W_Call_after_offer | 73>,0.46153846153846156,0.0,6
<O_SENT | 94>,O_SELECTED,<O_SELECTED | 94>,1.0,0.0,2
<O_SENT | 94>,W_Call_after_offer,<W_Call_after_offer | 14>,0.1,0.0,1
<O_SENT | 94>,W_Call_after_offer,<W_Call_after_offer | 94>,0.9,0.0,9
<O_SENT | 96>,O_CANCELLED,<O_CANCELLED | 96>,1.0,0.0,1
<O_SENT | 96>,O_SELECTED,<O_SELECTED | 21>,0.5,0.0,2
<O_SENT | 96>,O_SELECTED,<O_SELECTED | 96>,0.5,0.0,2
<O_SENT | 96>,W_Call_after_offer,<O_ACCEPTED | 21>,0.07692307692307693,0.0,2
<O_SENT | 96>,W_Call_after_offer,<O_ACCEPTED | 96>,0.11538461538461539,0.0,3
<O_SENT | 96>,W_Call_after_offer,<W_Call_after_offer | 21>,0.07692307692307693,0.0,2
<O_SENT | 96>,W_Call_after_offer,<W_Call_after_offer | 96>,0.7307692307692307,0.0,19
<O_SENT | 98>,W_Call_after_offer,<W_Call_after_offer | 98>,1.0,0.0,5
<O_SENT | 99>,O_SELECTED,<O_SELECTED | 99>,1.0,0.0,1
<O_SENT | 99>,W_Call_after_offer,<O_ACCEPTED | 99>,0.1,0.0,2
<O_SENT | 99>,W_Call_after_offer,<W_Call_after_offer | 99>,0.9,0.0,18
<O_SENT | 9>,O_SELECTED,<O_SELECTED | 49>,0.25,0.0,1
<O_SENT | 9>,O_SELECTED,<O_SELECTED | 9>,0.75,0.0,3
<O_SENT | 9>,W_Call_after_offer,<O_ACCEPTED | 9>,0.09523809523809523,0.0,6
<O_SENT | 9>,W_Call_after_offer,<W_Call_after_offer | 49>,0.09523809523809523,0.0,6
<O_SENT | 9>,W_Call_after_offer,<W_Call_after_offer | 9>,0.8095238095238095,0.0,51
<O_SENT_BACK | 12>,W_Assess_application,<O_ACCEPTED | 15>,0.012605042016806723,0.0,6
<O_SENT_BACK | 12>,W_Assess_application,<O_ACCEPTED | 46>,0.0021008403361344537,0.0,1
<O_SENT_BACK | 12>,W_Assess_application,<O_DECLINED | 46>,0.004201680672268907,0.0,2
<O_SENT_BACK | 12>,W_Assess_application,<W_Assess_application | 43>,0.907563025210084,0.0,432
<O_SENT_BACK | 12>,W_Assess_application,<W_Assess_application | 85>,0.07352941176470588,0.0,35
<O_SENT_BACK | 19>,W_Assess_application,<W_Assess_application | 19>,1.0,0.0,6
<O_SENT_BACK | 1>,W_Assess_application,<W_Assess_application | 1>,0.75,0.0,3
<O_SENT_BACK | 1>,W_Assess_application,<W_Assess_application | 64>,0.25,0.0,1
<O_SENT_BACK | 24>,W_Assess_application,<O_ACCEPTED | 24>,0.2,0.0,2
<O_SENT_BACK | 24>,W_Assess_application,<W_Assess_application | 24>,0.6,0.0,6
<O_SENT_BACK | 24>,W_Assess_application,<W_Assess_application | 79>,0.2,0.0,2
<O_SENT_BACK | 42>,W_Assess_application,<W_Assess_application | 51>,1.0,0.0,1
<O_SENT_BACK | 45>,W_Assess_application,<W_Assess_application | 45>,0.6666666666666666,0.0,2
<O_SENT_BACK | 45>,W_Assess_application,<W_Assess_application | 91>,0.3333333333333333,0.0,1
<O_SENT_BACK | 46>,W_Assess_application,<W_Assess_application | 46>,0.8823529411764706,0.0,15
<O_SENT_BACK | 46>,W_Assess_application,<W_Assess_application | 79>,0.11764705882352941,0.0,2
<O_SENT_BACK | 47>,W_Assess_application,<W_Assess_application | 43>,0.5,0.0,2
<O_SENT_BACK | 47>,W_Assess_application,<W_Assess_application | 47>,0.5,0.0,2
<O_SENT_BACK | 51>,W_Assess_application,<O_ACCEPTED | 84>,0.06666666666666667,0.0,1
<O_SENT_BACK | 51>,W_Assess_application,<W_Assess_application | 51>,0.3333333333333333,0.0,5
<O_SENT_BACK | 51>,W_Assess_application,<W_Assess_application | 5>,0.2,0.0,3
<O_SENT_BACK | 51>,W_Assess_application,<W_Assess_application | 84>,0.4,0.0,6
<O_SENT_BACK | 5>,W_Assess_application,<W_Assess_application | 5>,0.6666666666666666,0.0,2
<O_SENT_BACK | 5>,W_Assess_application,<W_Assess_application | 84>,0.3333333333333333,0.0,1
<O_SENT_BACK | 60>,W_Assess_application,<W_Assess_application | 60>,0.6666666666666666,0.0,2
<O_SENT_BACK | 60>,W_Assess_application,<W_Assess_application | 73>,0.3333333333333333,0.0,1
<O_SENT_BACK | 63>,W_Assess_application,<W_Assess_application | 63>,1.0,0.0,3
<O_SENT_BACK | 70>,W_Assess_application,<W_Assess_application | 70>,1.0,0.0,1
<O_SENT_BACK | 73>,W_Assess_application,<W_Assess_application | 5>,0.3958333333333333,0.0,19
<O_SENT_BACK | 73>,W_Assess_application,<W_Assess_application | 73>,0.6041666666666666,0.0,29
<O_SENT_BACK | 76>,W_Assess_application,<O_ACCEPTED | 15>,0.05555555555555555,0.0,1
<O_SENT_BACK | 76>,W_Assess_application,<W_Assess_application | 43>,0.05555555555555555,0.0,1
<O_SENT_BACK | 76>,W_Assess_application,<W_Assess_application | 76>,0.8888888888888888,0.0,16
<O_SENT_BACK | 79>,W_Assess_application,<W_Assess_application | 79>,1.0,0.0,6
<O_SENT_BACK | 82>,W_Assess_application,<W_Assess_application | 82>,1.0,0.0,1
<O_SENT_BACK | 84>,W_Assess_application,<W_Assess_application | 84>,1.0,0.0,3
<O_SENT_BACK | 8>,W_Assess_application,<O_ACCEPTED | 24>,0.008264462809917356,0.0,1
<O_SENT_BACK | 8>,W_Assess_application,<O_ACCEPTED | 46>,0.008264462809917356,0.0,1
<O_SENT_BACK | 8>,W_Assess_application,<O_ACCEPTED | 79>,0.008264462809917356,0.0,1
<O_SENT_BACK | 8>,W_Assess_application,<O_DECLINED | 46>,0.008264462809917356,0.0,1
<O_SENT_BACK | 8>,W_Assess_application,<W_Assess_application | 24>,0.03305785123966942,0.0,4
<O_SENT_BACK | 8>,W_Assess_application,<W_Assess_application | 82>,0.008264462809917356,0.0,1
<O_SENT_BACK | 8>,W_Assess_application,<W_Assess_application | 85>,0.9256198347107438,0.0,112
<START>,A_SUBMITTED,<A_SUBMITTED | 55>,1.0,0.0,2000
<W_Assess_application | 15>,END,<END | 15>,1.0,0.08786570333969594,1
<W_Assess_application | 15>,O_CANCELLED,<A_CANCELLED | 15>,0.3333333333333333,0.0,2
<W_Assess_application | 15>,O_CANCELLED,<O_DECLINED | 15>,0.6666666666666666,0.0,4
<W_Assess_application | 15>,O_SELECTED,<O_SELECTED | 15>,1.0,0.0,34
<W_Assess_application | 15>,W_Assess_application,<O_ACCEPTED | 15>,0.05128205128205128,0.0,6
<W_Assess_application | 15>,W_Assess_application,<O_DECLINED | 15>,0.008547008547008548,0.0,1
<W_Assess_application | 15>,W_Assess_application,<W_Assess_application | 15>,0.9401709401709402,0.0,110
<W_Assess_application | 15>,W_Call_missing_information,<O_ACCEPTED | 0>,0.10071942446043165,0.0,14
<W_Assess_application | 15>,W_Call_missing_information,<O_ACCEPTED | 93>,0.014388489208633094,0.0,2
<W_Assess_application | 15>,W_Call_missing_information,<O_DECLINED | 0>,0.02877697841726619,0.0,4
<W_Assess_application | 15>,W_Call_missing_information,<W_Call_missing_information | 15>,0.8489208633093526,0.0,118
<W_Assess_application | 15>,W_Call_missing_information,<W_Call_missing_information | 79>,0.007194244604316547,0.0,1
<W_Assess_application | 19>,O_SELECTED,<O_SELECTED | 19>,1.0,0.0,3
<W_Assess_application | 19>,W_Assess_application,<W_Assess_application | 19>,1.0,0.0,3
<W_Assess_application | 19>,W_Call_missing_information,<O_ACCEPTED | 63>,0.3333333333333333,0.0,1
<W_Assess_application | 19>,W_Call_missing_information,<W_Call_missing_information | 19>,0.6666666666666666,0.0,2
<W_Assess_application | 1>,O_SELECTED,<O_SELECTED | 1>,1.0,0.0,1
<W_Assess_application | 1>,W_Assess_application,<W_Assess_application | 1>,1.0,0.0,1
<W_Assess_application | 1>,W_Call_missing_information,<W_Call_missing_information | 1>,1.0,0.0,4
<W_Assess_application | 24>,END,<END | 24>,1.0,0.08784824669759977,1
<W_Assess_application | 24>,O_SELECTED,<O_SELECTED | 79>,0.5,0.0,1
<W_Assess_application | 24>,O_SELECTED,<O_SELECTED | 82>,0.5,0.0,1
<W_Assess_application | 24>,W_Assess_application,<W_Assess_application | 24>,0.75,0.0,3
<W_Assess_application | 24>,W_Assess_application,<W_Assess_application | 79>,0.25,0.0,1
<W_Assess_application | 24>,W_Call_missing_information,<O_ACCEPTED | 84>,0.25,0.0,2
<W_Assess_application | 24>,W_Call_missing_information,<W_Call_missing_information | 24>,0.75,0.0,6
<W_Assess_application | 43>,END,<END | 15>,1.0,0.08786570333969594,1
<W_Assess_application | 43>,O_CANCELLED,<A_CANCELLED | 15>,0.18181818181818182,0.0,2
<W_Assess_application | 43>,O_CANCELLED,<O_CANCELLED | 15>,0.09090909090909091,0.0,1
<W_Assess_application | 43>,O_CANCELLED,<O_DECLINED | 15>,0.7272727272727273,0.0,8
<W_Assess_application | 43>,O_SELECTED,<O_SELECTED | 15>,1.0,0.0,35
<W_Assess_application | 43>,W_Assess_application,<O_ACCEPTED | 15>,0.031413612565445025,0.0,6
<W_Assess_application | 43>,W_Assess_application,<O_DECLINED | 15>,0.010471204188481676,0.0,2
<W_Assess_application | 43>,W_Assess_application,<W_Assess_application | 15>,0.93717277486911,0.0,179
<W_Assess_application | 43>,W_Assess_application,<W_Assess_application | 46>,0.020942408376963352,0.0,4
<W_Assess_application | 43>,W_Call_missing_information,<O_ACCEPTED | 0>,0.1116751269035533,0.0,22
<W_Assess_application | 43>,W_Call_missing_information,<O_DECLINED | 0>,0.025380710659898477,0.0,5
<W_Assess_application | 43>,W_Call_missing_information,<O_DECLINED | 93>,0.005076142131979695,0.0,1
<W_Assess_application | 43>,W_Call_missing_information,<W_Call_missing_information | 15>,0.8426395939086294,0.0,166
<W_Assess_application | 43>,W_Call_missing_information,<W_Call_missing_information | 46>,0.015228426395939087,0.0,3
<W_Assess_application | 45>,W_Assess_application,<W_Assess_application | 1>,1.0,0.0,2
<W_Assess_application | 46>,O_CANCELLED,<O_ACCEPTED | 19>,0.5,0.0,1
<W_Assess_application | 46>,O_CANCELLED,<O_CANCELLED | 46>,0.5,0.0,1
<W_Assess_application | 46>,O_SELECTED,<O_SELECTED | 46>,0.8571428571428571,0.0,12
<W_Assess_application | 46>,O_SELECTED,<O_SELECTED | 79>,0.14285714285714285,0.0,2
<W_Assess_application | 46>,W_Assess_application,<W_Assess_application | 46>,0.8857142857142857,0.0,31
<W_Assess_application | 46>,W_Assess_application,<W_Assess_application | 79>,0.11428571428571428,0.0,4
<W_Assess_application | 46>,W_Call_missing_information,<O_ACCEPTED | 60>,0.03333333333333333,0.0,1
<W_Assess_application | 46>,W_Call_missing_information,<O_ACCEPTED | 93>,0.03333333333333333,0.0,1
<W_Assess_application | 46>,W_Call_missing_information,<O_DECLINED | 93>,0.03333333333333333,0.0,1
<W_Assess_application | 46>,W_Call_missing_information,<W_Call_missing_information | 46>,0.8666666666666667,0.0,26
<W_Assess_application | 46>,W_Call_missing_information,<W_Call_missing_information | 79>,0.03333333333333333,0.0,1
<W_Assess_application | 47>,O_SELECTED,<O_SELECTED | 15>,1.0,0.0,1
<W_Assess_application | 47>,W_Assess_application,<W_Assess_application | 46>,1.0,0.0,1
<W_Assess_application | 51>,W_Assess_application,<W_Assess_application | 84>,1.0,0.0,2
<W_Assess_application | 51>,W_Call_missing_information,<O_ACCEPTED | 84>,0.25,0.0,1
<W_Assess_application | 51>,W_Call_missing_information,<W_Call_missing_information | 84>,0.75,0.0,3
<W_Assess_application | 5>,O_SELECTED,<O_SELECTED | 5>,1.0,0.0,7
<W_Assess_application | 5>,W_Assess_application,<W_Assess_application | 5>,0.8571428571428571,0.0,12
<W_Assess_application | 5>,W_Assess_application,<W_Assess_application | 84>,0.14285714285714285,0.0,2
<W_Assess_application | 5>,W_Call_missing_information,<O_ACCEPTED | 5>,0.038461538461538464,0.0,1
<W_Assess_application | 5>,W_Call_missing_information,<O_DECLINED | 5>,0.038461538461538464,0.0,1
<W_Assess_application | 5>,W_Call_missing_information,<W_Call_missing_information | 5>,0.8076923076923077,0.0,21
<W_Assess_application | 5>,W_Call_missing_information,<W_Call_missing_information | 84>,0.11538461538461539,0.0,3
<W_Assess_application | 60>,W_Assess_application,<W_Assess_application | 5>,1.0,0.0,1
<W_Assess_application | 60>,W_Call_missing_information,<W_Call_missing_information | 60>,1.0,0.0,1
<W_Assess_application | 63>,W_Assess_application,<O_ACCEPTED | 63>,0.5,0.0,1
<W_Assess_application | 63>,W_Assess_application,<W_Assess_application | 63>,0.5,0.0,1
<W_Assess_application | 63>,W_Call_missing_information,<W_Call_missing_information | 63>,1.0,0.0,2
<W_Assess_application | 64>,W_Call_missing_information,<W_Call_missing_information | 64>,1.0,0.0,1
<W_Assess_application | 70>,W_Call_missing_information,<W_Call_missing_information | 84>,1.0,0.0,1
<W_Assess_application | 73>,O_CANCELLED,<O_CANCELLED | 5>,1.0,0.0,2
<W_Assess_application | 73>,O_SELECTED,<O_SELECTED | 5>,1.0,0.0,3
<W_Assess_application | 73>,W_Assess_application,<W_Assess_application | 5>,0.9090909090909091,0.0,10
<W_Assess_application | 73>,W_Assess_application,<W_Assess_application | 93>,0.09090909090909091,0.0,1
<W_Assess_application | 73>,W_Call_missing_information,<O_ACCEPTED | 5>,0.07142857142857142,0.0,1
<W_Assess_application | 73>,W_Call_missing_information,<W_Call_missing_information | 5>,0.9285714285714286,0.0,13
<W_Assess_application | 76>,O_CANCELLED,<A_CANCELLED | 15>,1.0,0.0,1
<W_Assess_application | 76>,O_SELECTED,<O_SELECTED | 15>,1.0,0.0,2
<W_Assess_application | 76>,W_Assess_application,<W_Assess_application | 15>,1.0,0.0,5
<W_Assess_application | 76>,W_Call_missing_information,<O_ACCEPTED | 0>,0.25,0.0,2
<W_Assess_application | 76>,W_Call_missing_information,<O_DECLINED | 0>,0.125,0.0,1
<W_Assess_application | 76>,W_Call_missing_information,<W_Call_missing_information | 15>,0.625,0.0,5
<W_Assess_application | 79>,END,<END | 79>,1.0,0.08776490017108736,1
<W_Assess_application | 79>,O_CANCELLED,<O_DECLINED | 79>,1.0,0.0,1
<W_Assess_application | 79>,O_SELECTED,<O_SELECTED | 79>,1.0,0.0,13
<W_Assess_application | 79>,W_Assess_application,<O_ACCEPTED | 79>,0.03571428571428571,0.0,1
<W_Assess_application | 79>,W_Assess_application,<W_Assess_application | 79>,0.9642857142857143,0.0,27
<W_Assess_application | 79>,W_Call_missing_information,<O_ACCEPTED | 5>,0.10344827586206896,0.0,3
<W_Assess_application | 79>,W_Call_missing_information,<O_ACCEPTED | 84>,0.034482758620689655,0.0,1
<W_Assess_application | 79>,W_Call_missing_information,<O_ACCEPTED | 93>,0.034482758620689655,0.0,1
<W_Assess_application | 79>,W_Call_missing_information,<W_Call_missing_information | 79>,0.8275862068965517,0.0,24
<W_Assess_application | 82>,O_CANCELLED,<O_CANCELLED | 82>,1.0,0.0,1
<W_Assess_application | 82>,W_Assess_application,<W_Assess_application | 82>,1.0,0.0,1
<W_Assess_application | 82>,W_Call_missing_information,<W_Call_missing_information | 82>,1.0,0.0,1
<W_Assess_application | 84>,O_CANCELLED,<O_ACCEPTED | 1>,0.5,0.0,1
<W_Assess_application | 84>,O_CANCELLED,<O_CANCELLED | 84>,0.5,0.0,1
<W_Assess_application | 84>,O_SELECTED,<O_SELECTED | 84>,1.0,0.0,3
<W_Assess_application | 84>,W_Assess_application,<W_Assess_application | 84>,1.0,0.0,11
<W_Assess_application | 84>,W_Call_missing_information,<O_ACCEPTED | 84>,0.4444444444444444,0.0,4
<W_Assess_application | 84>,W_Call_missing_information,<O_DECLINED | 84>,0.1111111111111111,0.0,1
<W_Assess_application | 84>,W_Call_missing_information,<W_Call_missing_information | 84>,0.4444444444444444,0.0,4
<W_Assess_application | 85>,END,<END | 46>,0.5,0.08804124719526242,1
<W_Assess_application | 85>,END,<END | 79>,0.5,0.08776490017108736,1
<W_Assess_application | 85>,O_CANCELLED,<O_ACCEPTED | 19>,0.42857142857142855,0.0,3
<W_Assess_application | 85>,O_CANCELLED,<O_CANCELLED | 46>,0.2857142857142857,0.0,2
<W_Assess_application | 85>,O_CANCELLED,<O_CANCELLED | 79>,0.14285714285714285,0.0,1
<W_Assess_application | 85>,O_CANCELLED,<O_DECLINED | 79>,0.14285714285714285,0.0,1
<W_Assess_application | 85>,O_SELECTED,<O_SELECTED | 46>,0.6428571428571429,0.0,9
<W_Assess_application | 85>,O_SELECTED,<O_SELECTED | 79>,0.35714285714285715,0.0,5
<W_Assess_application | 85>,W_Assess_application,<O_ACCEPTED | 46>,0.014705882352941176,0.0,1
<W_Assess_application | 85>,W_Assess_application,<O_ACCEPTED | 79>,0.029411764705882353,0.0,2
<W_Assess_application | 85>,W_Assess_application,<W_Assess_application | 15>,0.04411764705882353,0.0,3
<W_Assess_application | 85>,W_Assess_application,<W_Assess_application | 24>,0.029411764705882353,0.0,2
<W_Assess_application | 85>,W_Assess_application,<W_Assess_application | 46>,0.4411764705882353,0.0,30
<W_Assess_application | 85>,W_Assess_application,<W_Assess_application | 79>,0.4411764705882353,0.0,30
<W_Assess_application | 85>,W_Call_missing_information,<O_ACCEPTED | 5>,0.017857142857142856,0.0,1
<W_Assess_application | 85>,W_Call_missing_information,<O_ACCEPTED | 84>,0.017857142857142856,0.0,1
<W_Assess_application | 85>,W_Call_missing_information,<O_ACCEPTED | 93>,0.07142857142857142,0.0,4
<W_Assess_application | 85>,W_Call_missing_information,<W_Call_missing_information | 15>,0.07142857142857142,0.0,4
<W_Assess_application | 85>,W_Call_missing_information,<W_Call_missing_information | 46>,0.48214285714285715,0.0,27
<W_Assess_application | 85>,W_Call_missing_information,<W_Call_missing_information | 79>,0.3392857142857143,0.0,19
<W_Assess_application | 91>,O_SELECTED,<O_SELECTED | 91>,1.0,0.0,1
<W_Assess_application | 93>,W_Call_missing_information,<O_ACCEPTED | 5>,1.0,0.0,1
<W_Assess_fraud | 13>,A_DECLINED,<A_DECLINED | 13>,1.0,0.0,10
<W_Assess_fraud | 13>,A_PREACCEPTED,<A_PREACCEPTED | 13>,1.0,0.0,8
<W_Call_after_offer | 12>,END,<END | 12>,0.6666666666666666,0.08801280847267916,2
<W_Call_after_offer | 12>,END,<END | 8>,0.3333333333333333,0.0879684583394817,1
<W_Call_after_offer | 12>,O_CANCELLED,<O_DECLINED | 12>,1.0,0.0,3
<W_Call_after_offer | 12>,O_SELECTED,<O_SELECTED | 12>,0.9,0.0,63
<W_Call_after_offer | 12>,O_SELECTED,<O_SELECTED | 8>,0.1,0.0,7
<W_Call_after_offer | 12>,W_Call_after_offer,<O_DECLINED | 12>,0.09375,0.0,24
<W_Call_after_offer | 12>,W_Call_after_offer,<O_DECLINED | 8>,0.0234375,0.0,6
<W_Call_after_offer | 12>,W_Call_after_offer,<O_SENT_BACK | 12>,0.24609375,0.0,63
<W_Call_after_offer | 12>,W_Call_after_offer,<O_SENT_BACK | 8>,0.09375,0.0,24
<W_Call_after_offer | 12>,W_Call_after_offer,<W_Call_after_offer | 12>,0.49609375,0.0,127
<W_Call_after_offer | 12>,W_Call_after_offer,<W_Call_after_offer | 8>,0.046875,0.0,12
<W_Call_after_offer | 14>,O_CANCELLED,<O_CANCELLED | 14>,1.0,0.0,2
<W_Call_after_offer | 14>,O_SELECTED,<O_SELECTED | 14>,1.0,0.0,6
<W_Call_after_offer | 14>,W_Call_after_offer,<O_ACCEPTED | 14>,0.18181818181818182,0.0,2
<W_Call_after_offer | 14>,W_Call_after_offer,<W_Call_after_offer | 14>,0.8181818181818182,0.0,9
<W_Call_after_offer | 15>,O_SELECTED,<O_SELECTED | 46>,1.0,0.0,1
<W_Call_after_offer | 15>,W_Call_after_offer,<W_Call_after_offer | 46>,1.0,0.0,1
<W_Call_after_offer | 16>,O_CANCELLED,<O_ACCEPTED | 88>,0.2,0.0,1
<W_Call_after_offer | 16>,O_CANCELLED,<O_CANCELLED | 16>,0.6,0.0,3
<W_Call_after_offer | 16>,O_CANCELLED,<O_CANCELLED | 27>,0.2,0.0,1
<W_Call_after_offer | 16>,O_SELECTED,<O_SELECTED | 16>,0.9523809523809523,0.0,20
<W_Call_after_offer | 16>,O_SELECTED,<O_SELECTED | 27>,0.047619047619047616,0.0,1
<W_Call_after_offer | 16>,W_Call_after_offer,<O_ACCEPTED | 16>,0.05555555555555555,0.0,1
<W_Call_after_offer | 16>,W_Call_after_offer,<W_Call_after_offer | 16>,0.8888888888888888,0.0,16
<W_Call_after_offer | 16>,W_Call_after_offer,<W_Call_after_offer | 27>,0.05555555555555555,0.0,1
<W_Call_after_offer | 19>,O_CANCELLED,<O_CANCELLED | 91>,0.5,0.0,1
<W_Call_after_offer | 19>,O_CANCELLED,<O_DECLINED | 91>,0.5,0.0,1
<W_Call_after_offer | 19>,O_SELECTED,<O_SELECTED | 19>,0.5,0.0,3
<W_Call_after_offer | 19>,O_SELECTED,<O_SELECTED | 91>,0.5,0.0,3
<W_Call_after_offer | 19>,W_Call_after_offer,<O_SENT_BACK | 19>,0.16666666666666666,0.0,1
<W_Call_after_offer | 19>,W_Call_after_offer,<W_Call_after_offer | 19>,0.5,0.0,3
<W_Call_after_offer | 19>,W_Call_after_offer,<W_Call_after_offer | 91>,0.3333333333333333,0.0,2
<W_Call_after_offer | 1>,O_CANCELLED,<O_CANCELLED | 64>,0.5,0.0,1
<W_Call_after_offer | 1>,O_CANCELLED,<O_DECLINED | 64>,0.5,0.0,1
<W_Call_after_offer | 1>,O_SELECTED,<O_SELECTED | 1>,0.9047619047619048,0.0,19
<W_Call_after_offer | 1>,O_SELECTED,<O_SELECTED | 64>,0.09523809523809523,0.0,2
<W_Call_after_offer | 1>,W_Call_after_offer,<O_ACCEPTED | 1>,0.09523809523809523,0.0,2
<W_Call_after_offer | 1>,W_Call_after_offer,<O_SENT_BACK | 1>,0.09523809523809523,0.0,2
<W_Call_after_offer | 1>,W_Call_after_offer,<W_Call_after_offer | 1>,0.7619047619047619,0.0,16
<W_Call_after_offer | 1>,W_Call_after_offer,<W_Call_after_offer | 64>,0.047619047619047616,0.0,1
<W_Call_after_offer | 21>,END,<END | 21>,1.0,0.08735207122927977,2
<W_Call_after_offer | 21>,O_CANCELLED,<O_ACCEPTED | 21>,0.25,0.0,2
<W_Call_after_offer | 21>,O_CANCELLED,<O_CANCELLED | 21>,0.75,0.0,6
<W_Call_after_offer | 21>,O_SELECTED,<O_SELECTED | 21>,0.96,0.0,24
<W_Call_after_offer | 21>,O_SELECTED,<O_SELECTED | 4>,0.04,0.0,1
<W_Call_after_offer | 21>,W_Call_after_offer,<O_ACCEPTED | 21>,0.047619047619047616,0.0,1
<W_Call_after_offer | 21>,W_Call_after_offer,<O_ACCEPTED | 4>,0.047619047619047616,0.0,1
<W_Call_after_offer | 21>,W_Call_after_offer,<W_Call_after_offer | 21>,0.7619047619047619,0.0,16
<W_Call_after_offer | 21>,W_Call_after_offer,<W_Call_after_offer | 4>,0.14285714285714285,0.0,3
<W_Call_after_offer | 22>,END,<END | 22>,1.0,0.08645700914188705,1
<W_Call_after_offer | 22>,O_CANCELLED,<O_CANCELLED | 22>,1.0,0.0,3
<W_Call_after_offer | 22>,O_SELECTED,<O_SELECTED | 22>,1.0,0.0,8
<W_Call_after_offer | 22>,W_Call_after_offer,<O_ACCEPTED | 22>,0.16666666666666666,0.0,1
<W_Call_after_offer | 22>,W_Call_after_offer,<W_Call_after_offer | 22>,0.6666666666666666,0.0,4
<W_Call_after_offer | 22>,W_Call_after_offer,<W_Call_after_offer | 92>,0.16666666666666666,0.0,1
<W_Call_after_offer | 24>,END,<END | 24>,1.0,0.08784824669759977,1
<W_Call_after_offer | 24>,O_CANCELLED,<O_ACCEPTED | 19>,0.058823529411764705,0.0,1
<W_Call_after_offer | 24>,O_CANCELLED,<O_CANCELLED | 24>,0.7647058823529411,0.0,13
<W_Call_after_offer | 24>,O_CANCELLED,<O_CANCELLED | 82>,0.17647058823529413,0.0,3
<W_Call_after_offer | 24>,O_SELECTED,<O_SELECTED | 24>,0.8888888888888888,0.0,24
<W_Call_after_offer | 24>,O_SELECTED,<O_SELECTED | 82>,0.1111111111111111,0.0,3
<W_Call_after_offer | 24>,W_Call_after_offer,<O_ACCEPTED | 24>,0.0392156862745098,0.0,2
<W_Call_after_offer | 24>,W_Call_after_offer,<O_DECLINED | 24>,0.0392156862745098,0.0,2
<W_Call_after_offer | 24>,W_Call_after_offer,<O_SENT_BACK | 24>,0.058823529411764705,0.0,3
<W_Call_after_offer | 24>,W_Call_after_offer,<W_Call_after_offer | 24>,0.6078431372549019,0.0,31
<W_Call_after_offer | 24>,W_Call_after_offer,<W_Call_after_offer | 82>,0.2549019607843137,0.0,13
<W_Call_after_offer | 27>,O_CANCELLED,<O_ACCEPTED | 34>,0.25,0.0,1
<W_Call_after_offer | 27>,O_CANCELLED,<O_ACCEPTED | 99>,0.25,0.0,1
<W_Call_after_offer | 27>,O_CANCELLED,<O_CANCELLED | 27>,0.25,0.0,1
<W_Call_after_offer | 27>,O_CANCELLED,<O_CANCELLED | 52>,0.25,0.0,1
<W_Call_after_offer | 27>,O_SELECTED,<O_SELECTED | 27>,1.0,0.0,16
<W_Call_after_offer | 27>,W_Call_after_offer,<O_ACCEPTED | 27>,0.22727272727272727,0.0,5
<W_Call_after_offer | 27>,W_Call_after_offer,<W_Call_after_offer | 27>,0.7272727272727273,0.0,16
<W_Call_after_offer | 27>,W_Call_after_offer,<W_Call_after_offer | 52>,0.045454545454545456,0.0,1
<W_Call_after_offer | 28>,O_CANCELLED,<O_CANCELLED | 28>,1.0,0.0,3
<W_Call_after_offer | 28>,O_SELECTED,<O_SELECTED | 28>,1.0,0.0,5
<W_Call_after_offer | 28>,W_Call_after_offer,<O_ACCEPTED | 28>,0.2,0.0,1
<W_Call_after_offer | 28>,W_Call_after_offer,<W_Call_after_offer | 28>,0.8,0.0,4
<W_Call_after_offer | 31>,O_CANCELLED,<O_CANCELLED | 31>,0.75,0.0,3
<W_Call_after_offer | 31>,O_CANCELLED,<O_DECLINED | 62>,0.25,0.0,1
<W_Call_after_offer | 31>,O_SELECTED,<O_SELECTED | 31>,1.0,0.0,16
<W_Call_after_offer | 31>,W_Call_after_offer,<O_ACCEPTED | 31>,0.06666666666666667,0.0,1
<W_Call_after_offer | 31>,W_Call_after_offer,<W_Call_after_offer | 27>,0.06666666666666667,0.0,1
<W_Call_after_offer | 31>,W_Call_after_offer,<W_Call_after_offer | 31>,0.8666666666666667,0.0,13
<W_Call_after_offer | 32>,O_SELECTED,<O_SELECTED | 32>,1.0,0.0,6
<W_Call_after_offer | 32>,W_Call_after_offer,<O_ACCEPTED | 32>,0.125,0.0,1
<W_Call_after_offer | 32>,W_Call_after_offer,<W_Call_after_offer | 32>,0.875,0.0,7
<W_Call_after_offer | 34>,O_CANCELLED,<O_ACCEPTED | 34>,0.25,0.0,1
<W_Call_after_offer | 34>,O_CANCELLED,<O_CANCELLED | 22>,0.25,0.0,1
<W_Call_after_offer | 34>,O_CANCELLED,<O_CANCELLED | 34>,0.5,0.0,2
<W_Call_after_offer | 34>,O_SELECTED,<O_SELECTED | 14>,0.2222222222222222,0.0,4
<W_Call_after_offer | 34>,O_SELECTED,<O_SELECTED | 34>,0.7777777777777778,0.0,14
<W_Call_after_offer | 34>,W_Call_after_offer,<O_ACCEPTED | 34>,0.09090909090909091,0.0,1
<W_Call_after_offer | 34>,W_Call_after_offer,<W_Call_after_offer | 14>,0.09090909090909091,0.0,1
<W_Call_after_offer | 34>,W_Call_after_offer,<W_Call_after_offer | 34>,0.7272727272727273,0.0,8
<W_Call_after_offer | 34>,W_Call_after_offer,<W_Call_after_offer | 94>,0.09090909090909091,0.0,1
<W_Call_after_offer | 3>,O_SELECTED,<O_SELECTED | 3>,1.0,0.0,4
<W_Call_after_offer | 3>,W_Call_after_offer,<O_ACCEPTED | 3>,0.3333333333333333,0.0,1
<W_Call_after_offer | 3>,W_Call_after_offer,<O_DECLINED | 3>,0.3333333333333333,0.0,1
<W_Call_after_offer | 3>,W_Call_after_offer,<W_Call_after_offer | 3>,0.3333333333333333,0.0,1
<W_Call_after_offer | 42>,O_CANCELLED,<O_ACCEPTED | 45>,0.3076923076923077,0.0,4
<W_Call_after_offer | 42>,O_CANCELLED,<O_CANCELLED | 42>,0.46153846153846156,0.0,6
<W_Call_after_offer | 42>,O_CANCELLED,<O_CANCELLED | 51>,0.23076923076923078,0.0,3
<W_Call_after_offer | 42>,O_SELECTED,<O_SELECTED | 42>,0.5423728813559322,0.0,32
<W_Call_after_offer | 42>,O_SELECTED,<O_SELECTED | 51>,0.22033898305084745,0.0,13
<W_Call_after_offer | 42>,O_SELECTED,<O_SELECTED | 70>,0.05084745762711865,0.0,3
<W_Call_after_offer | 42>,O_SELECTED,<O_SELECTED | 9>,0.1864406779661017,0.0,11
<W_Call_after_offer | 42>,W_Call_after_offer,<O_ACCEPTED | 42>,0.016666666666666666,0.0,1
<W_Call_after_offer | 42>,W_Call_after_offer,<O_ACCEPTED | 51>,0.08333333333333333,0.0,5
<W_Call_after_offer | 42>,W_Call_after_offer,<O_ACCEPTED | 70>,0.03333333333333333,0.0,2
<W_Call_after_offer | 42>,W_Call_after_offer,<O_DECLINED | 51>,0.016666666666666666,0.0,1
<W_Call_after_offer | 42>,W_Call_after_offer,<O_SENT_BACK | 51>,0.05,0.0,3
<W_Call_after_offer | 42>,W_Call_after_offer,<W_Call_after_offer | 42>,0.5166666666666667,0.0,31
<W_Call_after_offer | 42>,W_Call_after_offer,<W_Call_after_offer | 51>,0.18333333333333332,0.0,11
<W_Call_after_offer | 42>,W_Call_after_offer,<W_Call_after_offer | 70>,0.016666666666666666,0.0,1
<W_Call_after_offer | 42>,W_Call_after_offer,<W_Call_after_offer | 9>,0.08333333333333333,0.0,5
<W_Call_after_offer | 45>,O_CANCELLED,<O_CANCELLED | 45>,0.8,0.0,4
<W_Call_after_offer | 45>,O_CANCELLED,<O_CANCELLED | 96>,0.2,0.0,1
<W_Call_after_offer | 45>,O_SELECTED,<O_SELECTED | 45>,0.9545454545454546,0.0,21
<W_Call_after_offer | 45>,O_SELECTED,<O_SELECTED | 66>,0.045454545454545456,0.0,1
<W_Call_after_offer | 45>,W_Call_after_offer,<O_ACCEPTED | 45>,0.1388888888888889,0.0,5
<W_Call_after_offer | 45>,W_Call_after_offer,<O_SENT_BACK | 45>,0.027777777777777776,0.0,1
<W_Call_after_offer | 45>,W_Call_after_offer,<W_Call_after_offer | 45>,0.7777777777777778,0.0,28
<W_Call_after_offer | 45>,W_Call_after_offer,<W_Call_after_offer | 66>,0.027777777777777776,0.0,1
<W_Call_after_offer | 45>,W_Call_after_offer,<W_Call_after_offer | 96>,0.027777777777777776,0.0,1
<W_Call_after_offer | 46>,O_CANCELLED,<O_ACCEPTED | 19>,0.25,0.0,2
<W_Call_after_offer | 46>,O_CANCELLED,<O_CANCELLED | 24>,0.25,0.0,2
<W_Call_after_offer | 46>,O_CANCELLED,<O_CANCELLED | 46>,0.25,0.0,2
<W_Call_after_offer | 46>,O_CANCELLED,<O_CANCELLED | 79>,0.125,0.0,1
<W_Call_after_offer | 46>,O_CANCELLED,<O_DECLINED | 19>,0.125,0.0,1
<W_Call_after_offer | 46>,O_SELECTED,<O_SELECTED | 24>,0.1891891891891892,0.0,7
<W_Call_after_offer | 46>,O_SELECTED,<O_SELECTED | 46>,0.6486486486486487,0.0,24
<W_Call_after_offer | 46>,O_SELECTED,<O_SELECTED | 79>,0.16216216216216217,0.0,6
<W_Call_after_offer | 46>,W_Call_after_offer,<O_ACCEPTED | 46>,0.08823529411764706,0.0,3
<W_Call_after_offer | 46>,W_Call_after_offer,<O_SENT_BACK | 24>,0.029411764705882353,0.0,1
<W_Call_after_offer | 46>,W_Call_after_offer,<O_SENT_BACK | 46>,0.14705882352941177,0.0,5
<W_Call_after_offer | 46>,W_Call_after_offer,<O_SENT_BACK | 79>,0.029411764705882353,0.0,1
<W_Call_after_offer | 46>,W_Call_after_offer,<W_Call_after_offer | 24>,0.14705882352941177,0.0,5
<W_Call_after_offer | 46>,W_Call_after_offer,<W_Call_after_offer | 46>,0.47058823529411764,0.0,16
<W_Call_after_offer | 46>,W_Call_after_offer,<W_Call_after_offer | 79>,0.08823529411764706,0.0,3
<W_Call_after_offer | 47>,END,<END | 12>,1.0,0.08801280847267916,2
<W_Call_after_offer | 47>,O_CANCELLED,<O_DECLINED | 12>,1.0,0.0,1
<W_Call_after_offer | 47>,O_SELECTED,<O_SELECTED | 12>,0.95,0.0,19
<W_Call_after_offer | 47>,O_SELECTED,<O_SELECTED | 8>,0.05,0.0,1
<W_Call_after_offer | 47>,W_Call_after_offer,<O_DECLINED | 12>,0.1506849315068493,0.0,11
<W_Call_after_offer | 47>,W_Call_after_offer,<O_DECLINED | 8>,0.0410958904109589,0.0,3
<W_Call_after_offer | 47>,W_Call_after_offer,<O_SENT_BACK | 12>,0.3150684931506849,0.0,23
<W_Call_after_offer | 47>,W_Call_after_offer,<O_SENT_BACK | 8>,0.0547945205479452,0.0,4
<W_Call_after_offer | 47>,W_Call_after_offer,<W_Call_after_offer | 12>,0.3972602739726027,0.0,29
<W_Call_after_offer | 47>,W_Call_after_offer,<W_Call_after_offer | 47>,0.0273972602739726,0.0,2
<W_Call_after_offer | 47>,W_Call_after_offer,<W_Call_after_offer | 8>,0.0136986301369863,0.0,1
<W_Call_after_offer | 48>,O_CANCELLED,<O_ACCEPTED | 48>,0.16666666666666666,0.0,1
<W_Call_after_offer | 48>,O_CANCELLED,<O_ACCEPTED | 88>,0.16666666666666666,0.0,1
<W_Call_after_offer | 48>,O_CANCELLED,<O_CANCELLED | 48>,0.5,0.0,3
<W_Call_after_offer | 48>,O_CANCELLED,<O_CANCELLED | 88>,0.16666666666666666,0.0,1
<W_Call_after_offer | 48>,O_SELECTED,<O_SELECTED | 48>,0.8666666666666667,0.0,13
<W_Call_after_offer | 48>,O_SELECTED,<O_SELECTED | 83>,0.06666666666666667,0.0,1
<W_Call_after_offer | 48>,O_SELECTED,<O_SELECTED | 88>,0.06666666666666667,0.0,1
<W_Call_after_offer | 48>,W_Call_after_offer,<O_ACCEPTED | 48>,0.041666666666666664,0.0,1
<W_Call_after_offer | 48>,W_Call_after_offer,<W_Call_after_offer | 48>,0.7916666666666666,0.0,19
<W_Call_after_offer | 48>,W_Call_after_offer,<W_Call_after_offer | 83>,0.125,0.0,3
<W_Call_after_offer | 48>,W_Call_after_offer,<W_Call_after_offer | 88>,0.041666666666666664,0.0,1
<W_Call_after_offer | 49>,END,<END | 49>,1.0,0.08776643855695325,1
<W_Call_after_offer | 49>,O_CANCELLED,<O_ACCEPTED | 96>,0.25,0.0,2
<W_Call_after_offer | 49>,O_CANCELLED,<O_CANCELLED | 16>,0.125,0.0,1
<W_Call_after_offer | 49>,O_CANCELLED,<O_CANCELLED | 49>,0.625,0.0,5
<W_Call_after_offer | 49>,O_SELECTED,<O_SELECTED | 16>,0.06451612903225806,0.0,2
<W_Call_after_offer | 49>,O_SELECTED,<O_SELECTED | 31>,0.03225806451612903,0.0,1
<W_Call_after_offer | 49>,O_SELECTED,<O_SELECTED | 49>,0.9032258064516129,0.0,28
<W_Call_after_offer | 49>,W_Call_after_offer,<O_ACCEPTED | 16>,0.038461538461538464,0.0,1
<W_Call_after_offer | 49>,W_Call_after_offer,<O_ACCEPTED | 49>,0.07692307692307693,0.0,2
<W_Call_after_offer | 49>,W_Call_after_offer,<W_Call_after_offer | 49>,0.8846153846153846,0.0,23
<W_Call_after_offer | 4>,O_CANCELLED,<O_CANCELLED | 4>,0.5,0.0,3
<W_Call_after_offer | 4>,O_CANCELLED,<O_DECLINED | 4>,0.16666666666666666,0.0,1
<W_Call_after_offer | 4>,O_CANCELLED,<O_DECLINED | 99>,0.3333333333333333,0.0,2
<W_Call_after_offer | 4>,O_SELECTED,<O_SELECTED | 34>,0.047619047619047616,0.0,1
<W_Call_after_offer | 4>,O_SELECTED,<O_SELECTED | 4>,0.9523809523809523,0.0,20
<W_Call_after_offer | 4>,W_Call_after_offer,<W_Call_after_offer | 4>,0.9583333333333334,0.0,23
<W_Call_after_offer | 4>,W_Call_after_offer,<W_Call_after_offer | 99>,0.041666666666666664,0.0,1
<W_Call_after_offer | 51>,END,<END | 51>,1.0,0.08797677382188347,1
<W_Call_after_offer | 51>,O_CANCELLED,<O_ACCEPTED | 45>,0.16666666666666666,0.0,1
<W_Call_after_offer | 51>,O_CANCELLED,<O_ACCEPTED | 63>,0.16666666666666666,0.0,1
<W_Call_after_offer | 51>,O_CANCELLED,<O_CANCELLED | 51>,0.6666666666666666,0.0,4
<W_Call_after_offer | 51>,O_SELECTED,<O_SELECTED | 51>,1.0,0.0,30
<W_Call_after_offer | 51>,W_Call_after_offer,<O_ACCEPTED | 51>,0.1,0.0,2
<W_Call_after_offer | 51>,W_Call_after_offer,<O_SENT_BACK | 51>,0.05,0.0,1
<W_Call_after_offer | 51>,W_Call_after_offer,<W_Call_after_offer | 51>,0.8,0.0,16
<W_Call_after_offer | 51>,W_Call_after_offer,<W_Call_after_offer | 9>,0.05,0.0,1
<W_Call_after_offer | 52>,O_CANCELLED,<O_CANCELLED | 52>,1.0,0.0,3
<W_Call_after_offer | 52>,O_SELECTED,<O_SELECTED | 52>,1.0,0.0,5
<W_Call_after_offer | 52>,W_Call_after_offer,<W_Call_after_offer | 52>,1.0,0.0,13
<W_Call_after_offer | 58>,END,<END | 58>,1.0,0.08775325093191472,1
<W_Call_after_offer | 58>,O_CANCELLED,<O_ACCEPTED | 62>,0.14285714285714285,0.0,1
<W_Call_after_offer | 58>,O_CANCELLED,<O_ACCEPTED | 96>,0.14285714285714285,0.0,1
<W_Call_after_offer | 58>,O_CANCELLED,<O_CANCELLED | 58>,0.5714285714285714,0.0,4
<W_Call_after_offer | 58>,O_CANCELLED,<O_DECLINED | 21>,0.14285714285714285,0.0,1
<W_Call_after_offer | 58>,O_SELECTED,<O_SELECTED | 31>,0.06451612903225806,0.0,2
<W_Call_after_offer | 58>,O_SELECTED,<O_SELECTED | 49>,0.03225806451612903,0.0,1
<W_Call_after_offer | 58>,O_SELECTED,<O_SELECTED | 58>,0.9032258064516129,0.0,28
<W_Call_after_offer | 58>,W_Call_after_offer,<O_ACCEPTED | 31>,0.034482758620689655,0.0,1
<W_Call_after_offer | 58>,W_Call_after_offer,<O_ACCEPTED | 58>,0.13793103448275862,0.0,4
<W_Call_after_offer | 58>,W_Call_after_offer,<W_Call_after_offer | 31>,0.06896551724137931,0.0,2
<W_Call_after_offer | 58>,W_Call_after_offer,<W_Call_after_offer | 58>,0.7586206896551724,0.0,22
<W_Call_after_offer | 5>,O_CANCELLED,<O_ACCEPTED | 63>,0.16666666666666666,0.0,1
<W_Call_after_offer | 5>,O_CANCELLED,<O_CANCELLED | 42>,0.16666666666666666,0.0,1
<W_Call_after_offer | 5>,O_CANCELLED,<O_CANCELLED | 5>,0.16666666666666666,0.0,1
<W_Call_after_offer | 5>,O_CANCELLED,<O_CANCELLED | 84>,0.5,0.0,3
<W_Call_after_offer | 5>,O_SELECTED,<O_SELECTED | 42>,0.16666666666666666,0.0,1
<W_Call_after_offer | 5>,O_SELECTED,<O_SELECTED | 51>,0.3333333333333333,0.0,2
<W_Call_after_offer | 5>,O_SELECTED,<O_SELECTED | 5>,0.5,0.0,3
<W_Call_after_offer | 5>,W_Call_after_offer,<O_ACCEPTED | 42>,0.07692307692307693,0.0,2
<W_Call_after_offer | 5>,W_Call_after_offer,<O_ACCEPTED | 51>,0.07692307692307693,0.0,2
<W_Call_after_offer | 5>,W_Call_after_offer,<O_ACCEPTED | 84>,0.038461538461538464,0.0,1
<W_Call_after_offer | 5>,W_Call_after_offer,<O_SENT_BACK | 51>,0.07692307692307693,0.0,2
<W_Call_after_offer | 5>,W_Call_after_offer,<W_Call_after_offer | 42>,0.34615384615384615,0.0,9
<W_Call_after_offer | 5>,W_Call_after_offer,<W_Call_after_offer | 51>,0.11538461538461539,0.0,3
<W_Call_after_offer | 5>,W_Call_after_offer,<W_Call_after_offer | 5>,0.038461538461538464,0.0,1
<W_Call_after_offer | 5>,W_Call_after_offer,<W_Call_after_offer | 73>,0.038461538461538464,0.0,1
<W_Call_after_offer | 5>,W_Call_after_offer,<W_Call_after_offer | 84>,0.19230769230769232,0.0,5
<W_Call_after_offer | 60>,END,<END | 73>,1.0,0.08798723491495473,1
<W_Call_after_offer | 60>,O_CANCELLED,<O_ACCEPTED | 63>,0.25,0.0,1
<W_Call_after_offer | 60>,O_CANCELLED,<O_CANCELLED | 73>,0.75,0.0,3
<W_Call_after_offer | 60>,O_SELECTED,<O_SELECTED | 60>,0.20754716981132076,0.0,11
<W_Call_after_offer | 60>,O_SELECTED,<O_SELECTED | 73>,0.7924528301886793,0.0,42
<W_Call_after_offer | 60>,W_Call_after_offer,<O_ACCEPTED | 73>,0.012987012987012988,0.0,1
<W_Call_after_offer | 60>,W_Call_after_offer,<O_DECLINED | 73>,0.012987012987012988,0.0,1
<W_Call_after_offer | 60>,W_Call_after_offer,<O_SENT_BACK | 73>,0.18181818181818182,0.0,14
<W_Call_after_offer | 60>,W_Call_after_offer,<W_Call_after_offer | 60>,0.06493506493506493,0.0,5
<W_Call_after_offer | 60>,W_Call_after_offer,<W_Call_after_offer | 63>,0.012987012987012988,0.0,1
<W_Call_after_offer | 60>,W_Call_after_offer,<W_Call_after_offer | 73>,0.7142857142857143,0.0,55
<W_Call_after_offer | 62>,O_CANCELLED,<O_ACCEPTED | 62>,0.14285714285714285,0.0,1
<W_Call_after_offer | 62>,O_CANCELLED,<O_ACCEPTED | 99>,0.14285714285714285,0.0,1
<W_Call_after_offer | 62>,O_CANCELLED,<O_CANCELLED | 62>,0.5714285714285714,0.0,4
<W_Call_after_offer | 62>,O_CANCELLED,<O_CANCELLED | 99>,0.14285714285714285,0.0,1
<W_Call_after_offer | 62>,O_SELECTED,<O_SELECTED | 4>,0.07142857142857142,0.0,1
<W_Call_after_offer | 62>,O_SELECTED,<O_SELECTED | 62>,0.8571428571428571,0.0,12
<W_Call_after_offer | 62>,O_SELECTED,<O_SELECTED | 99>,0.07142857142857142,0.0,1
<W_Call_after_offer | 62>,W_Call_after_offer,<O_ACCEPTED | 62>,0.043478260869565216,0.0,1
<W_Call_after_offer | 62>,W_Call_after_offer,<O_ACCEPTED | 99>,0.043478260869565216,0.0,1
<W_Call_after_offer | 62>,W_Call_after_offer,<W_Call_after_offer | 62>,0.8695652173913043,0.0,20
<W_Call_after_offer | 62>,W_Call_after_offer,<W_Call_after_offer | 99>,0.043478260869565216,0.0,1
<W_Call_after_offer | 63>,O_CANCELLED,<O_CANCELLED | 45>,1.0,0.0,1
<W_Call_after_offer | 63>,O_SELECTED,<O_SELECTED | 45>,0.2,0.0,1
<W_Call_after_offer | 63>,O_SELECTED,<O_SELECTED | 63>,0.8,0.0,4
<W_Call_after_offer | 63>,W_Call_after_offer,<O_ACCEPTED | 45>,0.058823529411764705,0.0,1
<W_Call_after_offer | 63>,W_Call_after_offer,<O_SENT_BACK | 1>,0.058823529411764705,0.0,1
<W_Call_after_offer | 63>,W_Call_after_offer,<O_SENT_BACK | 63>,0.058823529411764705,0.0,1
<W_Call_after_offer | 63>,W_Call_after_offer,<W_Call_after_offer | 1>,0.11764705882352941,0.0,2
<W_Call_after_offer | 63>,W_Call_after_offer,<W_Call_after_offer | 45>,0.35294117647058826,0.0,6
<W_Call_after_offer | 63>,W_Call_after_offer,<W_Call_after_offer | 63>,0.35294117647058826,0.0,6
<W_Call_after_offer | 64>,O_CANCELLED,<O_CANCELLED | 64>,1.0,0.0,6
<W_Call_after_offer | 64>,O_SELECTED,<O_SELECTED | 62>,0.07142857142857142,0.0,1
<W_Call_after_offer | 64>,O_SELECTED,<O_SELECTED | 64>,0.9285714285714286,0.0,13
<W_Call_after_offer | 64>,W_Call_after_offer,<O_ACCEPTED | 64>,0.17647058823529413,0.0,3
<W_Call_after_offer | 64>,W_Call_after_offer,<W_Call_after_offer | 62>,0.11764705882352941,0.0,2
<W_Call_after_offer | 64>,W_Call_after_offer,<W_Call_after_offer | 64>,0.7058823529411765,0.0,12
<W_Call_after_offer | 66>,O_CANCELLED,<O_ACCEPTED | 66>,0.3333333333333333,0.0,1
<W_Call_after_offer | 66>,O_CANCELLED,<O_ACCEPTED | 96>,0.3333333333333333,0.0,1
<W_Call_after_offer | 66>,O_CANCELLED,<O_CANCELLED | 66>,0.3333333333333333,0.0,1
<W_Call_after_offer | 66>,O_SELECTED,<O_SELECTED | 64>,0.04,0.0,1
<W_Call_after_offer | 66>,O_SELECTED,<O_SELECTED | 66>,0.76,0.0,19
<W_Call_after_offer | 66>,O_SELECTED,<O_SELECTED | 96>,0.2,0.0,5
<W_Call_after_offer | 66>,W_Call_after_offer,<O_ACCEPTED | 96>,0.14285714285714285,0.0,2
<W_Call_after_offer | 66>,W_Call_after_offer,<W_Call_after_offer | 66>,0.6428571428571429,0.0,9
<W_Call_after_offer | 66>,W_Call_after_offer,<W_Call_after_offer | 96>,0.21428571428571427,0.0,3
<W_Call_after_offer | 70>,O_CANCELLED,<O_ACCEPTED | 1>,0.3333333333333333,0.0,2
<W_Call_after_offer | 70>,O_CANCELLED,<O_CANCELLED | 70>,0.6666666666666666,0.0,4
<W_Call_after_offer | 70>,O_SELECTED,<O_SELECTED | 58>,0.15789473684210525,0.0,6
<W_Call_after_offer | 70>,O_SELECTED,<O_SELECTED | 70>,0.8157894736842105,0.0,31
<W_Call_after_offer | 70>,O_SELECTED,<O_SELECTED | 9>,0.02631578947368421,0.0,1
<W_Call_after_offer | 70>,W_Call_after_offer,<O_ACCEPTED | 70>,0.08888888888888889,0.0,4
<W_Call_after_offer | 70>,W_Call_after_offer,<O_ACCEPTED | 9>,0.022222222222222223,0.0,1
<W_Call_after_offer | 70>,W_Call_after_offer,<W_Call_after_offer | 58>,0.06666666666666667,0.0,3
<W_Call_after_offer | 70>,W_Call_after_offer,<W_Call_after_offer | 70>,0.8,0.0,36
<W_Call_after_offer | 70>,W_Call_after_offer,<W_Call_after_offer | 9>,0.022222222222222223,0.0,1
<W_Call_after_offer | 71>,O_CANCELLED,<O_ACCEPTED | 88>,0.3333333333333333,0.0,1
<W_Call_after_offer | 71>,O_CANCELLED,<O_CANCELLED | 71>,0.6666666666666666,0.0,2
<W_Call_after_offer | 71>,O_SELECTED,<O_SELECTED | 71>,1.0,0.0,15
<W_Call_after_offer | 71>,W_Call_after_offer,<O_ACCEPTED | 71>,0.09523809523809523,0.0,2
<W_Call_after_offer | 71>,W_Call_after_offer,<O_DECLINED | 16>,0.047619047619047616,0.0,1
<W_Call_after_offer | 71>,W_Call_after_offer,<W_Call_after_offer | 16>,0.047619047619047616,0.0,1
<W_Call_after_offer | 71>,W_Call_after_offer,<W_Call_after_offer | 71>,0.8095238095238095,0.0,17
<W_Call_after_offer | 73>,END,<END | 73>,1.0,0.08798723491495473,1
<W_Call_after_offer | 73>,O_CANCELLED,<O_CANCELLED | 51>,0.058823529411764705,0.0,1
<W_Call_after_offer | 73>,O_CANCELLED,<O_CANCELLED | 73>,0.8823529411764706,0.0,15
<W_Call_after_offer | 73>,O_CANCELLED,<O_DECLINED | 45>,0.058823529411764705,0.0,1
<W_Call_after_offer | 73>,O_SELECTED,<O_SELECTED | 42>,0.10294117647058823,0.0,7
<W_Call_after_offer | 73>,O_SELECTED,<O_SELECTED | 51>,0.11764705882352941,0.0,8
<W_Call_after_offer | 73>,O_SELECTED,<O_SELECTED | 73>,0.7794117647058824,0.0,53
<W_Call_after_offer | 73>,W_Call_after_offer,<O_ACCEPTED | 51>,0.041666666666666664,0.0,5
<W_Call_after_offer | 73>,W_Call_after_offer,<O_ACCEPTED | 73>,0.041666666666666664,0.0,5
<W_Call_after_offer | 73>,W_Call_after_offer,<O_DECLINED | 73>,0.008333333333333333,0.0,1
<W_Call_after_offer | 73>,W_Call_after_offer,<O_SENT_BACK | 51>,0.025,0.0,3
<W_Call_after_offer | 73>,W_Call_after_offer,<O_SENT_BACK | 73>,0.09166666666666666,0.0,11
<W_Call_after_offer | 73>,W_Call_after_offer,<W_Call_after_offer | 42>,0.06666666666666667,0.0,8
<W_Call_after_offer | 73>,W_Call_after_offer,<W_Call_after_offer | 51>,0.058333333333333334,0.0,7
<W_Call_after_offer | 73>,W_Call_after_offer,<W_Call_after_offer | 73>,0.6666666666666666,0.0,80
<W_Call_after_offer | 76>,END,<END | 12>,1.0,0.08801280847267916,1
<W_Call_after_offer | 76>,O_CANCELLED,<A_CANCELLED | 12>,0.6666666666666666,0.0,2
<W_Call_after_offer | 76>,O_CANCELLED,<O_DECLINED | 12>,0.3333333333333333,0.0,1
<W_Call_after_offer | 76>,O_SELECTED,<O_SELECTED | 12>,0.9887640449438202,0.0,88
<W_Call_after_offer | 76>,O_SELECTED,<O_SELECTED | 8>,0.011235955056179775,0.0,1
<W_Call_after_offer | 76>,W_Call_after_offer,<O_DECLINED | 12>,0.125,0.0,31
<W_Call_after_offer | 76>,W_Call_after_offer,<O_SENT_BACK | 12>,0.35080645161290325,0.0,87
<W_Call_after_offer | 76>,W_Call_after_offer,<O_SENT_BACK | 8>,0.004032258064516129,0.0,1
<W_Call_after_offer | 76>,W_Call_after_offer,<W_Call_after_offer | 12>,0.5201612903225806,0.0,129
<W_Call_after_offer | 79>,O_SELECTED,<O_SELECTED | 79>,1.0,0.0,3
<W_Call_after_offer | 79>,W_Call_after_offer,<O_SENT_BACK | 79>,0.75,0.0,3
<W_Call_after_offer | 79>,W_Call_after_offer,<W_Call_after_offer | 79>,0.25,0.0,1
<W_Call_after_offer | 82>,O_CANCELLED,<O_CANCELLED | 82>,1.0,0.0,6
<W_Call_after_offer | 82>,O_SELECTED,<O_SELECTED | 71>,0.041666666666666664,0.0,1
<W_Call_after_offer | 82>,O_SELECTED,<O_SELECTED | 82>,0.9583333333333334,0.0,23
<W_Call_after_offer | 82>,W_Call_after_offer,<O_ACCEPTED | 82>,0.12,0.0,3
<W_Call_after_offer | 82>,W_Call_after_offer,<O_DECLINED | 82>,0.04,0.0,1
<W_Call_after_offer | 82>,W_Call_after_offer,<W_Call_after_offer | 71>,0.08,0.0,2
<W_Call_after_offer | 82>,W_Call_after_offer,<W_Call_after_offer | 82>,0.76,0.0,19
<W_Call_after_offer | 83>,O_CANCELLED,<O_CANCELLED | 83>,1.0,0.0,2
<W_Call_after_offer | 83>,O_SELECTED,<O_SELECTED | 83>,1.0,0.0,9
<W_Call_after_offer | 83>,W_Call_after_offer,<O_ACCEPTED | 83>,0.1,0.0,1
<W_Call_after_offer | 83>,W_Call_after_offer,<W_Call_after_offer | 83>,0.9,0.0,9
<W_Call_after_offer | 84>,END,<END | 84>,1.0,0.08791509553651618,1
<W_Call_after_offer | 84>,O_CANCELLED,<O_CANCELLED | 70>,0.2,0.0,1
<W_Call_after_offer | 84>,O_CANCELLED,<O_CANCELLED | 84>,0.8,0.0,4
<W_Call_after_offer | 84>,O_SELECTED,<O_SELECTED | 51>,0.07692307692307693,0.0,1
<W_Call_after_offer | 84>,O_SELECTED,<O_SELECTED | 70>,0.3076923076923077,0.0,4
<W_Call_after_offer | 84>,O_SELECTED,<O_SELECTED | 84>,0.6153846153846154,0.0,8
<W_Call_after_offer | 84>,W_Call_after_offer,<O_ACCEPTED | 51>,0.041666666666666664,0.0,1
<W_Call_after_offer | 84>,W_Call_after_offer,<O_ACCEPTED | 70>,0.041666666666666664,0.0,1
<W_Call_after_offer | 84>,W_Call_after_offer,<O_SENT_BACK | 84>,0.041666666666666664,0.0,1
<W_Call_after_offer | 84>,W_Call_after_offer,<W_Call_after_offer | 51>,0.041666666666666664,0.0,1
<W_Call_after_offer | 84>,W_Call_after_offer,<W_Call_after_offer | 70>,0.4166666666666667,0.0,10
<W_Call_after_offer | 84>,W_Call_after_offer,<W_Call_after_offer | 84>,0.4166666666666667,0.0,10
<W_Call_after_offer | 88>,O_CANCELLED,<O_ACCEPTED | 88>,0.2,0.0,1
<W_Call_after_offer | 88>,O_CANCELLED,<O_CANCELLED | 88>,0.8,0.0,4
<W_Call_after_offer | 88>,O_SELECTED,<O_SELECTED | 88>,0.9230769230769231,0.0,12
<W_Call_after_offer | 88>,O_SELECTED,<O_SELECTED | 94>,0.07692307692307693,0.0,1
<W_Call_after_offer | 88>,W_Call_after_offer,<W_Call_after_offer | 34>,0.08333333333333333,0.0,1
<W_Call_after_offer | 88>,W_Call_after_offer,<W_Call_after_offer | 88>,0.8333333333333334,0.0,10
<W_Call_after_offer | 88>,W_Call_after_offer,<W_Call_after_offer | 94>,0.08333333333333333,0.0,1
<W_Call_after_offer | 8>,END,<END | 8>,1.0,0.0879684583394817,1
<W_Call_after_offer | 8>,O_CANCELLED,<O_CANCELLED | 8>,0.5,0.0,1
<W_Call_after_offer | 8>,O_CANCELLED,<O_DECLINED | 8>,0.5,0.0,1
<W_Call_after_offer | 8>,O_SELECTED,<O_SELECTED | 8>,1.0,0.0,16
<W_Call_after_offer | 8>,W_Call_after_offer,<O_DECLINED | 8>,0.08235294117647059,0.0,7
<W_Call_after_offer | 8>,W_Call_after_offer,<O_SENT_BACK | 8>,0.32941176470588235,0.0,28
<W_Call_after_offer | 8>,W_Call_after_offer,<W_Call_after_offer | 8>,0.5882352941176471,0.0,50
<W_Call_after_offer | 90>,O_SELECTED,<O_SELECTED | 90>,1.0,0.0,5
<W_Call_after_offer | 91>,O_CANCELLED,<O_ACCEPTED | 91>,0.125,0.0,1
<W_Call_after_offer | 91>,O_CANCELLED,<O_CANCELLED | 48>,0.125,0.0,1
<W_Call_after_offer | 91>,O_CANCELLED,<O_CANCELLED | 91>,0.75,0.0,6
<W_Call_after_offer | 91>,O_SELECTED,<O_SELECTED | 48>,0.09523809523809523,0.0,2
<W_Call_after_offer | 91>,O_SELECTED,<O_SELECTED | 91>,0.9047619047619048,0.0,19
<W_Call_after_offer | 91>,W_Call_after_offer,<O_ACCEPTED | 48>,0.03333333333333333,0.0,1
<W_Call_after_offer | 91>,W_Call_after_offer,<O_ACCEPTED | 91>,0.06666666666666667,0.0,2
<W_Call_after_offer | 91>,W_Call_after_offer,<W_Call_after_offer | 83>,0.06666666666666667,0.0,2
<W_Call_after_offer | 91>,W_Call_after_offer,<W_Call_after_offer | 91>,0.8333333333333334,0.0,25
<W_Call_after_offer | 92>,O_CANCELLED,<O_CANCELLED | 92>,1.0,0.0,3
<W_Call_after_offer | 92>,O_SELECTED,<O_SELECTED | 28>,0.2222222222222222,0.0,2
<W_Call_after_offer | 92>,O_SELECTED,<O_SELECTED | 92>,0.7777777777777778,0.0,7
<W_Call_after_offer | 92>,W_Call_after_offer,<O_ACCEPTED | 92>,0.25,0.0,2
<W_Call_after_offer | 92>,W_Call_after_offer,<W_Call_after_offer | 92>,0.75,0.0,6
<W_Call_after_offer | 94>,O_CANCELLED,<O_ACCEPTED | 22>,0.3333333333333333,0.0,1
<W_Call_after_offer | 94>,O_CANCELLED,<O_ACCEPTED | 92>,0.3333333333333333,0.0,1
<W_Call_after_offer | 94>,O_CANCELLED,<O_CANCELLED | 94>,0.3333333333333333,0.0,1
<W_Call_after_offer | 94>,O_SELECTED,<O_SELECTED | 94>,1.0,0.0,8
<W_Call_after_offer | 94>,W_Call_after_offer,<O_ACCEPTED | 94>,0.07142857142857142,0.0,1
<W_Call_after_offer | 94>,W_Call_after_offer,<W_Call_after_offer | 94>,0.9285714285714286,0.0,13
<W_Call_after_offer | 96>,O_CANCELLED,<O_ACCEPTED | 96>,0.6666666666666666,0.0,2
<W_Call_after_offer | 96>,O_CANCELLED,<O_CANCELLED | 96>,0.3333333333333333,0.0,1
<W_Call_after_offer | 96>,O_SELECTED,<O_SELECTED | 21>,0.047619047619047616,0.0,1
<W_Call_after_offer | 96>,O_SELECTED,<O_SELECTED | 96>,0.9523809523809523,0.0,20
<W_Call_after_offer | 96>,W_Call_after_offer,<O_ACCEPTED | 21>,0.09090909090909091,0.0,1
<W_Call_after_offer | 96>,W_Call_after_offer,<W_Call_after_offer | 21>,0.09090909090909091,0.0,1
<W_Call_after_offer | 96>,W_Call_after_offer,<W_Call_after_offer | 96>,0.8181818181818182,0.0,9
<W_Call_after_offer | 98>,O_CANCELLED,<O_CANCELLED | 98>,1.0,0.0,1
<W_Call_after_offer | 98>,O_SELECTED,<O_SELECTED | 98>,1.0,0.0,4
<W_Call_after_offer | 99>,O_CANCELLED,<O_ACCEPTED | 99>,0.3333333333333333,0.0,1
<W_Call_after_offer | 99>,O_CANCELLED,<O_CANCELLED | 99>,0.6666666666666666,0.0,2
<W_Call_after_offer | 99>,O_SELECTED,<O_SELECTED | 22>,0.0625,0.0,1
<W_Call_after_offer | 99>,O_SELECTED,<O_SELECTED | 94>,0.0625,0.0,1
<W_Call_after_offer | 99>,O_SELECTED,<O_SELECTED | 99>,0.875,0.0,14
<W_Call_after_offer | 99>,W_Call_after_offer,<O_ACCEPTED | 99>,0.041666666666666664,0.0,1
<W_Call_after_offer | 99>,W_Call_after_offer,<W_Call_after_offer | 94>,0.041666666666666664,0.0,1
<W_Call_after_offer | 99>,W_Call_after_offer,<W_Call_after_offer | 99>,0.9166666666666666,0.0,22
<W_Call_after_offer | 9>,END,<END | 9>,1.0,0.08787502591242449,1
<W_Call_after_offer | 9>,O_CANCELLED,<O_ACCEPTED | 45>,0.05,0.0,1
<W_Call_after_offer | 9>,O_CANCELLED,<O_ACCEPTED | 66>,0.15,0.0,3
<W_Call_after_offer | 9>,O_CANCELLED,<O_ACCEPTED | 96>,0.1,0.0,2
<W_Call_after_offer | 9>,O_CANCELLED,<O_CANCELLED | 9>,0.65,0.0,13
<W_Call_after_offer | 9>,O_CANCELLED,<O_DECLINED | 96>,0.05,0.0,1
<W_Call_after_offer | 9>,O_SELECTED,<O_SELECTED | 49>,0.11627906976744186,0.0,5
<W_Call_after_offer | 9>,O_SELECTED,<O_SELECTED | 9>,0.8837209302325582,0.0,38
<W_Call_after_offer | 9>,W_Call_after_offer,<O_ACCEPTED | 49>,0.015151515151515152,0.0,1
<W_Call_after_offer | 9>,W_Call_after_offer,<O_ACCEPTED | 9>,0.045454545454545456,0.0,3
<W_Call_after_offer | 9>,W_Call_after_offer,<O_DECLINED | 9>,0.015151515151515152,0.0,1
<W_Call_after_offer | 9>,W_Call_after_offer,<W_Call_after_offer | 49>,0.09090909090909091,0.0,6
<W_Call_after_offer | 9>,W_Call_after_offer,<W_Call_after_offer | 9>,0.8333333333333334,0.0,55
<W_Call_missing_information | 0>,O_CANCELLED,<A_CANCELLED | 0>,0.2608695652173913,0.0,6
<W_Call_missing_information | 0>,O_CANCELLED,<O_DECLINED | 0>,0.7391304347826086,0.0,17
<W_Call_missing_information | 0>,O_SELECTED,<O_SELECTED | 0>,1.0,0.0,78
<W_Call_missing_information | 0>,W_Call_missing_information,<O_ACCEPTED | 0>,0.12903225806451613,0.0,12
<W_Call_missing_information | 0>,W_Call_missing_information,<O_ACCEPTED | 93>,0.010752688172043012,0.0,1
<W_Call_missing_information | 0>,W_Call_missing_information,<O_DECLINED | 0>,0.03225806451612903,0.0,3
<W_Call_missing_information | 0>,W_Call_missing_information,<W_Call_missing_information | 0>,0.8279569892473119,0.0,77
<W_Call_missing_information | 15>,O_CANCELLED,<A_CANCELLED | 0>,0.13043478260869565,0.0,3
<W_Call_missing_information | 15>,O_CANCELLED,<O_DECLINED | 0>,0.8695652173913043,0.0,20
<W_Call_missing_information | 15>,O_SELECTED,<O_SELECTED | 0>,0.9047619047619048,0.0,114
<W_Call_missing_information | 15>,O_SELECTED,<O_SELECTED | 93>,0.09523809523809523,0.0,12
<W_Call_missing_information | 15>,W_Call_missing_information,<O_ACCEPTED | 0>,0.11805555555555555,0.0,17
<W_Call_missing_information | 15>,W_Call_missing_information,<O_ACCEPTED | 93>,0.006944444444444444,0.0,1
<W_Call_missing_information | 15>,W_Call_missing_information,<O_DECLINED | 0>,0.006944444444444444,0.0,1
<W_Call_missing_information | 15>,W_Call_missing_information,<W_Call_missing_information | 0>,0.8125,0.0,117
<W_Call_missing_information | 15>,W_Call_missing_information,<W_Call_missing_information | 93>,0.05555555555555555,0.0,8
<W_Call_missing_information | 19>,O_SELECTED,<O_SELECTED | 63>,1.0,0.0,1
<W_Call_missing_information | 19>,W_Call_missing_information,<W_Call_missing_information | 63>,1.0,0.0,1
<W_Call_missing_information | 1>,O_CANCELLED,<O_CANCELLED | 1>,1.0,0.0,2
<W_Call_missing_information | 1>,O_SELECTED,<O_SELECTED | 1>,1.0,0.0,2
<W_Call_missing_information | 1>,W_Call_missing_information,<O_ACCEPTED | 1>,1.0,0.0,1
<W_Call_missing_information | 24>,O_SELECTED,<O_SELECTED | 84>,1.0,0.0,2
<W_Call_missing_information | 24>,W_Call_missing_information,<W_Call_missing_information | 84>,1.0,0.0,4
<W_Call_missing_information | 46>,O_CANCELLED,<O_ACCEPTED | 63>,0.2857142857142857,0.0,2
<W_Call_missing_information | 46>,O_CANCELLED,<O_CANCELLED | 5>,0.14285714285714285,0.0,1
<W_Call_missing_information | 46>,O_CANCELLED,<O_CANCELLED | 60>,0.14285714285714285,0.0,1
<W_Call_missing_information | 46>,O_CANCELLED,<O_CANCELLED | 93>,0.2857142857142857,0.0,2
<W_Call_missing_information | 46>,O_CANCELLED,<O_DECLINED | 63>,0.14285714285714285,0.0,1
<W_Call_missing_information | 46>,O_SELECTED,<O_SELECTED | 5>,0.09090909090909091,0.0,2
<W_Call_missing_information | 46>,O_SELECTED,<O_SELECTED | 60>,0.09090909090909091,0.0,2
<W_Call_missing_information | 46>,O_SELECTED,<O_SELECTED | 93>,0.8181818181818182,0.0,18
<W_Call_missing_information | 46>,W_Call_missing_information,<O_ACCEPTED | 5>,0.037037037037037035,0.0,1
<W_Call_missing_information | 46>,W_Call_missing_information,<O_ACCEPTED | 60>,0.037037037037037035,0.0,1
<W_Call_missing_information | 46>,W_Call_missing_information,<O_ACCEPTED | 93>,0.1111111111111111,0.0,3
<W_Call_missing_information | 46>,W_Call_missing_information,<O_DECLINED | 93>,0.037037037037037035,0.0,1
<W_Call_missing_information | 46>,W_Call_missing_information,<W_Call_missing_information | 5>,0.1111111111111111,0.0,3
<W_Call_missing_information | 46>,W_Call_missing_information,<W_Call_missing_information | 93>,0.6666666666666666,0.0,18
<W_Call_missing_information | 5>,O_CANCELLED,<O_ACCEPTED | 63>,0.3,0.0,3
<W_Call_missing_information | 5>,O_CANCELLED,<O_CANCELLED | 5>,0.7,0.0,7
<W_Call_missing_information | 5>,O_SELECTED,<O_SELECTED | 5>,0.8709677419354839,0.0,27
<W_Call_missing_information | 5>,O_SELECTED,<O_SELECTED | 84>,0.12903225806451613,0.0,4
<W_Call_missing_information | 5>,W_Call_missing_information,<W_Call_missing_information | 5>,0.8666666666666667,0.0,13
<W_Call_missing_information | 5>,W_Call_missing_information,<W_Call_missing_information | 84>,0.13333333333333333,0.0,2
<W_Call_missing_information | 60>,W_Call_missing_information,<W_Call_missing_information | 5>,1.0,0.0,1
<W_Call_missing_information | 63>,O_SELECTED,<O_SELECTED | 1>,0.5,0.0,1
<W_Call_missing_information | 63>,O_SELECTED,<O_SELECTED | 63>,0.5,0.0,1
<W_Call_missing_information | 63>,W_Call_missing_information,<W_Call_missing_information | 1>,1.0,0.0,1
<W_Call_missing_information | 64>,O_SELECTED,<O_SELECTED | 64>,1.0,0.0,1
<W_Call_missing_information | 70>,W_Call_missing_information,<O_ACCEPTED | 70>,1.0,0.0,1
<W_Call_missing_information | 79>,O_CANCELLED,<O_ACCEPTED | 63>,0.3333333333333333,0.0,1
<W_Call_missing_information | 79>,O_CANCELLED,<O_CANCELLED | 93>,0.3333333333333333,0.0,1
<W_Call_missing_information | 79>,O_CANCELLED,<O_DECLINED | 63>,0.3333333333333333,0.0,1
<W_Call_missing_information | 79>,O_SELECTED,<O_SELECTED | 5>,0.23809523809523808,0.0,5
<W_Call_missing_information | 79>,O_SELECTED,<O_SELECTED | 84>,0.09523809523809523,0.0,2
<W_Call_missing_information | 79>,O_SELECTED,<O_SELECTED | 93>,0.6666666666666666,0.0,14
<W_Call_missing_information | 79>,W_Call_missing_information,<O_ACCEPTED | 5>,0.047619047619047616,0.0,1
<W_Call_missing_information | 79>,W_Call_missing_information,<O_ACCEPTED | 93>,0.19047619047619047,0.0,4
<W_Call_missing_information | 79>,W_Call_missing_information,<O_DECLINED | 93>,0.047619047619047616,0.0,1
<W_Call_missing_information | 79>,W_Call_missing_information,<W_Call_missing_information | 5>,0.23809523809523808,0.0,5
<W_Call_missing_information | 79>,W_Call_missing_information,<W_Call_missing_information | 84>,0.047619047619047616,0.0,1
<W_Call_missing_information | 79>,W_Call_missing_information,<W_Call_missing_information | 93>,0.42857142857142855,0.0,9
<W_Call_missing_information | 82>,W_Call_missing_information,<W_Call_missing_information | 70>,1.0,0.0,1
<W_Call_missing_information | 84>,O_CANCELLED,<O_CANCELLED | 84>,1.0,0.0,5
<W_Call_missing_information | 84>,O_SELECTED,<O_SELECTED | 84>,1.0,0.0,11
<W_Call_missing_information | 84>,W_Call_missing_information,<O_ACCEPTED | 84>,0.0625,0.0,1
<W_Call_missing_information | 84>,W_Call_missing_information,<O_DECLINED | 84>,0.0625,0.0,1
<W_Call_missing_information | 84>,W_Call_missing_information,<W_Call_missing_information | 84>,0.875,0.0,14
<W_Call_missing_information | 93>,O_CANCELLED,<O_ACCEPTED | 63>,0.3333333333333333,0.0,1
<W_Call_missing_information | 93>,O_CANCELLED,<O_CANCELLED | 93>,0.3333333333333333,0.0,1
<W_Call_missing_information | 93>,O_CANCELLED,<O_DECLINED | 93>,0.3333333333333333,0.0,1
<W_Call_missing_information | 93>,O_SELECTED,<O_SELECTED | 93>,1.0,0.0,30
<W_Call_missing_information | 93>,W_Call_missing_information,<O_ACCEPTED | 93>,0.08,0.0,2
<W_Call_missing_information | 93>,W_Call_missing_information,<W_Call_missing_information | 93>,0.92,0.0,23
<W_Complete_preaccepted_appl | 37>,A_ACCEPTED,<A_ACCEPTED | 37>,1.0,0.0,315
<W_Complete_preaccepted_appl | 37>,W_Complete_preaccepted_appl,<A_CANCELLED | 37>,0.06484641638225255,0.0,19
<W_Complete_preaccepted_appl | 37>,W_Complete_preaccepted_appl,<O_DECLINED | 37>,0.14675767918088736,0.0,43
<W_Complete_preaccepted_appl | 37>,W_Complete_preaccepted_appl,<W_Complete_preaccepted_appl | 37>,0.78839590443686,0.0,231
<W_Complete_preaccepted_appl | 87>,A_ACCEPTED,<A_ACCEPTED | 37>,1.0,0.0,372
<W_Complete_preaccepted_appl | 87>,W_Complete_preaccepted_appl,<A_CANCELLED | 37>,0.055401662049861494,0.0,20
<W_Complete_preaccepted_appl | 87>,W_Complete_preaccepted_appl,<O_DECLINED | 37>,0.14127423822714683,0.0,51
<W_Complete_preaccepted_appl | 87>,W_Complete_preaccepted_appl,<W_Complete_preaccepted_appl | 37>,0.8033240997229917,0.0,290
<W_Complete_preaccepted_appl | 95>,A_ACCEPTED,<A_ACCEPTED | 37>,0.85,0.0,119
<W_Complete_preaccepted_appl | 95>,A_ACCEPTED,<A_ACCEPTED | 95>,0.15,0.0,21
<W_Complete_preaccepted_appl | 95>,W_Complete_preaccepted_appl,<A_CANCELLED | 37>,0.048,0.0,6
<W_Complete_preaccepted_appl | 95>,W_Complete_preaccepted_appl,<O_DECLINED | 37>,0.136,0.0,17
<W_Complete_preaccepted_appl | 95>,W_Complete_preaccepted_appl,<W_Complete_preaccepted_appl | 37>,0.696,0.0,87
<W_Complete_preaccepted_appl | 95>,W_Complete_preaccepted_appl,<W_Complete_preaccepted_appl | 95>,0.12,0.0,15
<W_Fix_incomplete_submission | 13>,A_DECLINED,<A_DECLINED | 13>,0.8079470198675497,0.0,122
<W_Fix_incomplete_submission | 13>,A_DECLINED,<A_DECLINED | 95>,0.19205298013245034,0.0,29
<W_Fix_incomplete_submission | 13>,A_PREACCEPTED,<A_PREACCEPTED | 13>,0.8484848484848485,0.0,252
<W_Fix_incomplete_submission | 13>,A_PREACCEPTED,<A_PREACCEPTED | 95>,0.15151515151515152,0.0,45
<W_Fix_incomplete_submission | 13>,W_Fix_incomplete_submission,<A_CANCELLED | 95>,0.08256880733944955,0.0,9
<W_Fix_incomplete_submission | 13>,W_Fix_incomplete_submission,<W_Fix_incomplete_submission | 13>,0.8073394495412844,0.0,88
<W_Fix_incomplete_submission | 13>,W_Fix_incomplete_submission,<W_Fix_incomplete_submission | 95>,0.11009174311926606,0.0,12
<W_Fix_incomplete_submission | 95>,A_DECLINED,<A_DECLINED | 95>,1.0,0.0,4
<W_Fix_incomplete_submission | 95>,A_PREACCEPTED,<A_PREACCEPTED | 95>,1.0,0.0,8
<W_Fix_incomplete_submission | 95>,W_Fix_incomplete_submission,<W_Fix_incomplete_submission | 95>,1.0,0.0,2
